Entity,Code,Year,Life satisfaction in Cantril Ladder (World Happiness Report 2021),Prevalence - Depressive disorders - Sex: Both - Age: All Ages (Number),Prevalence - Mental disorders - Sex: Both - Age: All Ages (Number),"Suicide mortality rate (per 100,000 population)","Unemployment, total (% of total labor force) (modeled ILO estimate)",Continent
Egypt,EGY,2005,5.168,2561056,10087479,3.1,11.2,Africa
Benin,BEN,2006,3.33,241356,794210,8.6,0.81,Africa
Botswana,BWA,2006,4.739,66861,196787,32,17.78,Africa
Cameroon,CMR,2006,3.851,611436,1879629,11.7,3.69,Africa
Chad,TCD,2006,3.435,339071,1027872,7.5,1.28,Africa
Ghana,GHA,2006,4.535,753848,2280488,7,4.64,Africa
Kenya,KEN,2006,4.223,1268421,3813893,6,2.77,Africa
Madagascar,MDG,2006,3.98,623967,2020168,5.8,2.84,Africa
Malawi,MWI,2006,3.83,362973,1332779,7.5,5.81,Africa
Mali,MLI,2006,4.014,317768,1189170,4.5,10.72,Africa
Mozambique,MOZ,2006,4.595,688629,2283135,12.6,2.97,Africa
Niger,NER,2006,3.737,370124,1297112,5.2,2.33,Africa
Nigeria,NGA,2006,4.71,5024143,14587866,4.7,3.69,Africa
Rwanda,RWA,2006,4.215,362447,1071260,8.4,0.9,Africa
Senegal,SEN,2006,4.417,326582,1070987,7,10.03,Africa
Sierra Leone,SLE,2006,3.628,177581,602174,6.5,3.54,Africa
South Africa,ZAF,2006,5.084,1805908,5462462,23.6,28.34,Africa
Tanzania,TZA,2006,3.922,1308357,4208750,5.3,3.3,Africa
Togo,TGO,2006,3.202,183954,604934,11,4.23,Africa
Uganda,UGA,2006,3.734,1437682,3510368,9.4,2.21,Africa
Zambia,ZMB,2006,4.824,331136,1173925,11.7,12.87,Africa
Zimbabwe,ZWE,2006,3.826,300535,1168775,14.4,4.52,Africa
Cameroon,CMR,2007,4.35,635245,1951681,11.4,3.06,Africa
Central African Republic,CAF,2007,4.16,190932,527950,15.4,4.17,Africa
Chad,TCD,2007,4.141,349743,1060746,7.7,1.29,Africa
Egypt,EGY,2007,5.541,2681995,10594338,3.1,8.8,Africa
Ghana,GHA,2007,5.22,776192,2348534,7.2,4.69,Africa
Kenya,KEN,2007,4.576,1298419,3917504,6.3,2.69,Africa
Liberia,LBR,2007,3.701,128641,401950,4.9,2.13,Africa
Malawi,MWI,2007,4.891,369049,1363885,7.8,5.7,Africa
Mauritania,MRT,2007,4.149,80352,276794,3.2,9.57,Africa
Mozambique,MOZ,2007,4.833,705758,2336043,12.6,2.94,Africa
Namibia,NAM,2007,4.886,58171,198297,17.3,21.56,Africa
Niger,NER,2007,4.277,382278,1347982,5.3,1.7,Africa
Nigeria,NGA,2007,4.89,5064261,14957933,4.7,3.62,Africa
Senegal,SEN,2007,4.68,334273,1095247,6.7,9.89,Africa
Sierra Leone,SLE,2007,3.585,183028,620352,6.4,3.58,Africa
South Africa,ZAF,2007,5.204,1847030,5523069,24.6,26.54,Africa
Tanzania,TZA,2007,4.318,1339988,4311570,5.4,2.92,Africa
Uganda,UGA,2007,4.456,1452207,3582921,8,2.53,Africa
Zambia,ZMB,2007,3.998,342122,1213047,10.3,10.2,Africa
Zimbabwe,ZWE,2007,3.28,303096,1185425,17.2,4.57,Africa
Benin,BEN,2008,3.667,258583,850877,8.2,0.85,Africa
Botswana,BWA,2008,5.451,69995,205151,28.4,16.35,Africa
Burundi,BDI,2008,3.563,277746,925880,7.9,1.63,Africa
Cameroon,CMR,2008,4.292,660071,2026772,11.2,3.31,Africa
Chad,TCD,2008,4.632,360785,1094937,7.5,1.32,Africa
Congo,COG,2008,3.82,187695,460227,8.9,16.52,Africa
Djibouti,DJI,2008,5.009,30136,89463,7.6,11.1,Africa
Egypt,EGY,2008,4.632,2742221,10893161,3.1,8.52,Africa
Ghana,GHA,2008,4.965,799236,2417668,7.5,4.79,Africa
Kenya,KEN,2008,4.015,1328462,4023035,6.2,2.66,Africa
Liberia,LBR,2008,4.221,132876,414925,4.8,2.11,Africa
Madagascar,MDG,2008,4.64,663861,2149565,5.7,3.34,Africa
Mali,MLI,2008,4.115,339331,1281547,4.6,10.23,Africa
Mauritania,MRT,2008,4.248,82163,283073,3.1,9.51,Africa
Mozambique,MOZ,2008,4.654,724338,2393539,13.5,2.95,Africa
Niger,NER,2008,4.236,394930,1402296,5.2,1.22,Africa
Nigeria,NGA,2008,4.939,5064701,15310833,4.6,3.59,Africa
Rwanda,RWA,2008,4.363,368747,1106518,7.5,0.88,Africa
Senegal,SEN,2008,4.683,341875,1119337,6.8,9.85,Africa
Sierra Leone,SLE,2008,2.997,189255,640788,6.5,3.67,Africa
South Africa,ZAF,2008,5.346,1890885,5584113,26.7,22.41,Africa
Tanzania,TZA,2008,4.385,1372409,4417778,5.8,2.61,Africa
Togo,TGO,2008,2.808,195688,642205,10.8,3.08,Africa
Uganda,UGA,2008,4.569,1459216,3650958,7.1,2.92,Africa
Zambia,ZMB,2008,4.73,353982,1254475,9.7,7.93,Africa
Zimbabwe,ZWE,2008,3.174,305802,1203579,20.1,4.67,Africa
Burundi,BDI,2009,3.792,286569,959908,7.7,1.75,Africa
Cameroon,CMR,2009,4.741,685605,2103597,11.1,3.77,Africa
Chad,TCD,2009,3.639,372496,1131532,7.6,1.5,Africa
Comoros,COM,2009,3.476,21495,67344,5,6.19,Africa
Djibouti,DJI,2009,4.906,31484,93087,7.8,11.46,Africa
Egypt,EGY,2009,5.066,2801380,11183864,3.1,9.09,Africa
Ghana,GHA,2009,4.198,822967,2488106,7.6,5.14,Africa
Kenya,KEN,2009,4.27,1360408,4132519,6,2.83,Africa
Malawi,MWI,2009,5.148,383431,1434859,8,5.89,Africa
Mali,MLI,2009,3.977,351151,1331388,4.6,9.28,Africa
Mauritania,MRT,2009,4.5,84124,289574,3.1,9.81,Africa
Niger,NER,2009,4.267,408168,1458404,5.3,0.91,Africa
Nigeria,NGA,2009,4.98,5052023,15649400,4.5,3.75,Africa
Rwanda,RWA,2009,4.03,373979,1127317,7,1.02,Africa
Senegal,SEN,2009,4.335,350044,1144936,6.7,10.25,Africa
South Africa,ZAF,2009,5.218,1936212,5649020,26.7,23.52,Africa
Sudan,SDN,2009,4.455,1169833,4839529,4.1,13,Africa
Tanzania,TZA,2009,3.408,1407835,4529470,5.5,2.5,Africa
Tunisia,TUN,2009,5.025,552401,1674009,3.5,13.29,Africa
Uganda,UGA,2009,4.612,1464766,3717865,6.8,3.6,Africa
Zambia,ZMB,2009,5.26,366791,1298475,9.8,10.5,Africa
Zimbabwe,ZWE,2009,4.056,308860,1222284,22.2,5.03,Africa
Algeria,DZA,2010,5.464,1448602,5121070,3,9.96,Africa
Botswana,BWA,2010,3.553,73495,214206,24.4,17.86,Africa
Cameroon,CMR,2010,4.554,711736,2183237,10.8,4.11,Africa
Central African Republic,CAF,2010,3.568,206490,571977,15.8,4.38,Africa
Chad,TCD,2010,3.743,384883,1170430,7.7,1.59,Africa
Comoros,COM,2010,3.812,21960,68558,5.6,6.6,Africa
Djibouti,DJI,2010,5.006,32874,96802,8.2,11.52,Africa
Egypt,EGY,2010,4.669,2862702,11433490,3.2,8.76,Africa
Ghana,GHA,2010,4.606,848421,2560969,7.8,5.32,Africa
Kenya,KEN,2010,4.256,1396805,4248339,6,2.86,Africa
Liberia,LBR,2010,4.196,146267,456268,4.9,2.27,Africa
Mali,MLI,2010,3.762,363207,1380280,4.5,8.07,Africa
Mauritania,MRT,2010,4.772,86219,296504,3.1,9.86,Africa
Morocco,MAR,2010,4.383,1652166,5085690,9.2,9.09,Africa
Niger,NER,2010,4.101,422767,1516787,5.3,0.58,Africa
Nigeria,NGA,2010,4.76,5057928,15976405,4.4,3.77,Africa
Senegal,SEN,2010,4.372,358504,1171731,6.6,10.34,Africa
Sierra Leone,SLE,2010,4.134,202613,684278,6.8,4.16,Africa
South Africa,ZAF,2010,4.652,1979152,5719710,24.6,24.68,Africa
Sudan,SDN,2010,4.435,1194927,4918776,4,15.17,Africa
Tanzania,TZA,2010,3.229,1445999,4645967,5,2.98,Africa
Tunisia,TUN,2010,5.131,559991,1687008,3.5,13.05,Africa
Uganda,UGA,2010,4.193,1476945,3793403,6.3,3.61,Africa
Zimbabwe,ZWE,2010,4.682,313171,1240302,21.5,5.22,Africa
Algeria,DZA,2011,5.317,1479597,5195953,3,9.96,Africa
Angola,AGO,2011,5.589,922801,2431920,6.6,7.36,Africa
Benin,BEN,2011,3.87,287916,945354,8.5,2.65,Africa
Botswana,BWA,2011,3.52,75446,219074,22.7,17.85,Africa
Burundi,BDI,2011,3.706,300928,1010888,7.4,1.7,Africa
Cameroon,CMR,2011,4.434,738642,2263573,10.8,3.97,Africa
Central African Republic,CAF,2011,3.678,211797,586485,15.4,4.38,Africa
Chad,TCD,2011,4.393,397518,1211884,7.7,1.66,Africa
Comoros,COM,2011,3.838,22470,69848,5.1,6.98,Africa
Congo,COG,2011,4.51,201747,498140,8.7,11.89,Africa
Djibouti,DJI,2011,4.369,34236,100398,8.5,11.51,Africa
Egypt,EGY,2011,4.174,2937865,11663676,3.3,11.85,Africa
Gabon,GAB,2011,4.255,72599,180919,10,20.38,Africa
Ghana,GHA,2011,5.608,876431,2635319,7.8,5.62,Africa
Guinea,GIN,2011,4.045,313799,1029532,7,4.45,Africa
Kenya,KEN,2011,4.405,1436158,4368401,5.9,2.86,Africa
Lesotho,LSO,2011,4.898,91759,237039,69.5,26.04,Africa
Madagascar,MDG,2011,4.381,729778,2357760,5.7,2.02,Africa
Malawi,MWI,2011,3.946,406664,1523218,7.3,5.93,Africa
Mali,MLI,2011,4.667,376124,1428204,4.5,6.9,Africa
Mauritania,MRT,2011,4.785,88696,304119,3,9.86,Africa
Mauritius,MUS,2011,5.477,57521,160483,9,7.45,Africa
Morocco,MAR,2011,5.085,1679890,5138175,9.2,8.91,Africa
Mozambique,MOZ,2011,4.971,783499,2580952,15.3,3.3,Africa
Niger,NER,2011,4.556,437768,1576769,5.4,0.32,Africa
Rwanda,RWA,2011,4.097,396513,1186802,6.2,1.1,Africa
Senegal,SEN,2011,3.834,368451,1201011,6.5,10.36,Africa
Sierra Leone,SLE,2011,4.502,209469,706052,6.5,4.29,Africa
South Africa,ZAF,2011,4.931,2022537,5798643,22.4,24.64,Africa
Sudan,SDN,2011,4.314,1221888,5010718,4.1,17.44,Africa
Tanzania,TZA,2011,4.074,1487873,4770974,4.8,3.47,Africa
Togo,TGO,2011,2.936,214607,699975,10.4,1.98,Africa
Tunisia,TUN,2011,4.876,567622,1701033,3.4,18.33,Africa
Uganda,UGA,2011,4.826,1490430,3873242,6.3,3.58,Africa
Zambia,ZMB,2011,4.999,397097,1395616,10.3,10.34,Africa
Zimbabwe,ZWE,2011,4.846,319384,1259224,20.7,5.37,Africa
Algeria,DZA,2012,5.605,1511925,5275734,2.9,10.97,Africa
Angola,AGO,2012,4.36,957843,2522064,6.9,7.37,Africa
Benin,BEN,2012,3.193,298652,979268,8.3,2.65,Africa
Botswana,BWA,2012,4.836,77404,224146,22.6,17.86,Africa
Cameroon,CMR,2012,4.245,766496,2346814,10.6,3.84,Africa
Chad,TCD,2012,4.033,409627,1254928,7.6,1.73,Africa
Comoros,COM,2012,3.956,23019,71187,5.2,7.39,Africa
Congo,COG,2012,3.919,205783,510990,8.9,10,Africa
Egypt,EGY,2012,4.204,3035427,11920708,3.4,12.6,Africa
Ethiopia,ETH,2012,4.561,2804623,9585424,6.1,2.28,Africa
Gabon,GAB,2012,3.972,74302,184861,8.9,20.4,Africa
Ghana,GHA,2012,5.057,906923,2711874,7.8,5.93,Africa
Guinea,GIN,2012,3.652,321837,1055894,7.1,4.45,Africa
Kenya,KEN,2012,4.547,1475948,4489490,5.9,2.86,Africa
Libya,LBY,2012,5.754,279898,936517,5.7,19.03,Africa
Madagascar,MDG,2012,3.551,754285,2431036,5.6,0.6,Africa
Malawi,MWI,2012,4.279,421792,1573433,6.8,5.94,Africa
Mali,MLI,2012,4.313,391371,1481673,4.5,6.62,Africa
Mauritania,MRT,2012,4.673,91547,312533,3.1,9.87,Africa
Morocco,MAR,2012,4.97,1707408,5192187,8.9,8.99,Africa
Niger,NER,2012,3.798,453861,1640342,5.5,2.18,Africa
Nigeria,NGA,2012,5.493,5030816,16496746,4.2,3.74,Africa
Rwanda,RWA,2012,3.333,409166,1219577,6,1.14,Africa
Senegal,SEN,2012,3.669,379797,1232108,6.5,9.42,Africa
South Africa,ZAF,2012,5.134,2069893,5884499,22.9,24.73,Africa
Sudan,SDN,2012,4.55,1251837,5114419,4,17.45,Africa
Tanzania,TZA,2012,4.007,1532143,4901504,4.3,3.19,Africa
Tunisia,TUN,2012,4.464,575705,1716370,3.4,17.63,Africa
Uganda,UGA,2012,4.309,1498116,3952741,5.7,3.55,Africa
Zambia,ZMB,2012,5.013,415005,1449465,9.4,7.85,Africa
Zimbabwe,ZWE,2012,4.955,327649,1280474,19.7,5.38,Africa
Angola,AGO,2013,3.937,994528,2615649,6.9,7.38,Africa
Benin,BEN,2013,3.479,310160,1014459,8.3,2.66,Africa
Botswana,BWA,2013,4.128,79439,229393,21.6,17.88,Africa
Cameroon,CMR,2013,4.271,794791,2430502,10.4,3.71,Africa
Chad,TCD,2013,3.508,422047,1300079,7.4,1.8,Africa
Congo,COG,2013,3.955,209969,524274,8.2,10.01,Africa
Egypt,EGY,2013,3.559,3141677,12185337,3.4,13.15,Africa
Ethiopia,ETH,2013,4.445,2901526,9822674,5.7,2.25,Africa
Gabon,GAB,2013,3.8,76084,189043,8.6,20.41,Africa
Ghana,GHA,2013,4.965,938252,2787637,7.7,6.26,Africa
Guinea,GIN,2013,3.902,330265,1083087,7.3,4.46,Africa
Kenya,KEN,2013,3.795,1517245,4612088,5.9,2.87,Africa
Madagascar,MDG,2013,3.816,778787,2505804,5.6,0.94,Africa
Malawi,MWI,2013,4.035,438381,1627354,6.4,5.95,Africa
Mali,MLI,2013,3.676,408945,1541601,4.5,6.35,Africa
Mauritania,MRT,2013,4.199,94735,321354,3.1,10.04,Africa
Morocco,MAR,2013,5.142,1734248,5244292,8,9.23,Africa
Niger,NER,2013,3.716,470899,1706540,5.5,1.22,Africa
Nigeria,NGA,2013,4.818,5004947,16737789,4.1,3.7,Africa
Rwanda,RWA,2013,3.466,421024,1249627,5.8,1.18,Africa
Senegal,SEN,2013,3.647,391711,1264611,6.5,8.53,Africa
Sierra Leone,SLE,2013,4.514,224242,750246,6.3,4.59,Africa
South Africa,ZAF,2013,3.661,2119378,5976794,23.7,24.56,Africa
Tanzania,TZA,2013,3.852,1577620,5036098,4.4,2.93,Africa
Tunisia,TUN,2013,5.246,583925,1732216,3.3,15.93,Africa
Uganda,UGA,2013,3.71,1508283,4037785,5.2,1.91,Africa
Zambia,ZMB,2013,5.244,434302,1506720,9.1,8.61,Africa
Zimbabwe,ZWE,2013,4.69,336889,1303186,18.6,5.38,Africa
Algeria,DZA,2014,6.355,1577918,5443382,2.8,10.21,Africa
Angola,AGO,2014,3.795,1033233,2715439,6.4,7.31,Africa
Benin,BEN,2014,3.347,321826,1050795,8.2,2.61,Africa
Botswana,BWA,2014,4.031,81495,234627,19.6,17.78,Africa
Burundi,BDI,2014,2.905,327465,1098338,6.7,1.57,Africa
Cameroon,CMR,2014,4.24,823867,2515966,10,3.53,Africa
Chad,TCD,2014,3.46,435420,1347619,7.1,1.83,Africa
Congo,COG,2014,4.056,214368,537993,7.5,9.95,Africa
Egypt,EGY,2014,4.885,3244169,12444801,3.3,13.11,Africa
Ethiopia,ETH,2014,4.507,3003467,10066582,5.5,2.22,Africa
Gabon,GAB,2014,3.918,77933,193273,9.8,20.3,Africa
Ghana,GHA,2014,3.86,970571,2865554,7.5,6.52,Africa
Guinea,GIN,2014,3.412,338795,1110715,7.1,4.41,Africa
Kenya,KEN,2014,4.905,1561384,4738338,5.7,2.82,Africa
Liberia,LBR,2014,4.571,162381,495857,4.9,2.13,Africa
Madagascar,MDG,2014,3.676,804679,2582459,5.6,1.33,Africa
Malawi,MWI,2014,4.563,455693,1684302,6.3,5.89,Africa
Mali,MLI,2014,3.975,427114,1603520,4.4,6.38,Africa
Mauritania,MRT,2014,4.483,97918,330400,3.1,10.12,Africa
Mauritius,MUS,2014,5.648,56185,159575,10.2,7.47,Africa
Namibia,NAM,2014,4.574,67522,223220,10.9,18.52,Africa
Niger,NER,2014,4.181,489038,1775795,5.5,0.52,Africa
Rwanda,RWA,2014,3.596,431853,1275306,5.8,1.17,Africa
Senegal,SEN,2014,4.395,403791,1298783,6.5,7.61,Africa
Sierra Leone,SLE,2014,4.5,231955,773276,6.2,4.68,Africa
Somalia,SOM,2014,5.528,534315,2066710,8.1,13.32,Africa
South Africa,ZAF,2014,4.828,2168633,6069801,24.1,24.89,Africa
South Sudan,SSD,2014,3.832,308558,1023702,3.5,12.51,Africa
Sudan,SDN,2014,4.139,1318375,5351372,3.9,17.36,Africa
Tanzania,TZA,2014,3.483,1626667,5179771,4.2,2.13,Africa
Togo,TGO,2014,2.839,235506,759208,10.1,2.16,Africa
Tunisia,TUN,2014,4.764,591954,1747908,3.2,15.06,Africa
Uganda,UGA,2014,3.77,1527447,4132783,4.8,1.88,Africa
Zambia,ZMB,2014,4.346,454407,1566089,9,9.34,Africa
Zimbabwe,ZWE,2014,4.184,346267,1327107,18.2,5.33,Africa
Benin,BEN,2015,3.625,333739,1087582,8.1,2.57,Africa
Botswana,BWA,2015,3.762,83562,239836,19,17.71,Africa
Cameroon,CMR,2015,5.038,854653,2604870,9.5,3.51,Africa
Chad,TCD,2015,4.323,450323,1398043,6.8,1.87,Africa
Congo,COG,2015,4.691,219612,552660,6.8,9.9,Africa
Egypt,EGY,2015,4.763,3328264,12689374,3.3,13.05,Africa
Ethiopia,ETH,2015,4.573,3105969,10313854,5.5,2.2,Africa
Gabon,GAB,2015,4.661,79810,197529,9.6,20.22,Africa
Ghana,GHA,2015,3.986,1003014,2945337,7.3,6.81,Africa
Guinea,GIN,2015,3.505,347736,1139028,7.2,4.38,Africa
Kenya,KEN,2015,4.358,1609888,4869630,5.5,2.8,Africa
Liberia,LBR,2015,2.702,166723,506899,4.5,2.08,Africa
Libya,LBY,2015,5.615,299719,994707,5.6,18.87,Africa
Madagascar,MDG,2015,3.593,831507,2661204,5.5,1.79,Africa
Malawi,MWI,2015,3.868,473408,1743253,6.2,5.85,Africa
Mali,MLI,2015,4.582,444914,1666226,4.3,7.73,Africa
Mauritania,MRT,2015,3.923,100971,339439,3,10.22,Africa
Morocco,MAR,2015,5.163,1786998,5347382,7.4,9.46,Africa
Mozambique,MOZ,2015,4.55,875876,2871775,13.9,3.43,Africa
Niger,NER,2015,3.671,508372,1847192,5.4,0.52,Africa
Nigeria,NGA,2015,4.933,5113425,17466663,3.7,4.31,Africa
Rwanda,RWA,2015,3.483,445325,1307551,5.7,1.14,Africa
Senegal,SEN,2015,4.617,415155,1331791,6.4,6.76,Africa
Sierra Leone,SLE,2015,4.909,239893,797463,5.9,4.64,Africa
Somalia,SOM,2015,5.354,557051,2150152,8,13.25,Africa
South Africa,ZAF,2015,4.887,2216103,6161934,24.5,25.15,Africa
South Sudan,SSD,2015,4.071,298141,985222,3.6,12.45,Africa
Tanzania,TZA,2015,3.661,1677768,5325415,4.2,2.1,Africa
Togo,TGO,2015,3.768,243069,779507,9.7,2.2,Africa
Tunisia,TUN,2015,5.132,599324,1763037,3.1,15.16,Africa
Uganda,UGA,2015,4.238,1564882,4246699,4.7,1.86,Africa
Zambia,ZMB,2015,4.843,474532,1626587,8.7,10.1,Africa
Zimbabwe,ZWE,2015,3.703,354911,1351088,18,5.29,Africa
Algeria,DZA,2016,5.341,1634420,5603847,2.6,10.2,Africa
Benin,BEN,2016,4.007,346463,1125579,8,2.52,Africa
Botswana,BWA,2016,3.499,85773,245258,17.8,17.62,Africa
Cameroon,CMR,2016,4.816,885653,2694538,9.2,3.47,Africa
Central African Republic,CAF,2016,2.693,224840,629495,13.7,4.25,Africa
Chad,TCD,2016,4.029,466558,1450592,6.7,1.89,Africa
Congo,COG,2016,4.119,225716,568411,6.7,9.85,Africa
Egypt,EGY,2016,4.557,3394570,12902462,3.2,12.41,Africa
Ethiopia,ETH,2016,4.298,3213281,10576560,5.5,2.17,Africa
Gabon,GAB,2016,4.832,81810,202013,9.2,20.11,Africa
Ghana,GHA,2016,4.514,1034078,3023063,7.2,5.45,Africa
Guinea,GIN,2016,3.603,357218,1168399,7.1,4.33,Africa
Kenya,KEN,2016,4.396,1662801,5006570,5.4,2.76,Africa
Lesotho,LSO,2016,3.808,98257,248977,87,24.3,Africa
Liberia,LBR,2016,3.355,171229,518001,4.5,3.08,Africa
Libya,LBY,2016,5.434,304972,1011748,5,18.77,Africa
Madagascar,MDG,2016,3.663,858879,2742103,5.5,1.76,Africa
Malawi,MWI,2016,3.476,490912,1803054,6.1,5.79,Africa
Mali,MLI,2016,4.016,463002,1729653,4.2,7.6,Africa
Mauritania,MRT,2016,4.472,103786,348366,3,10.31,Africa
Mauritius,MUS,2016,5.61,56584,159779,8.1,6.81,Africa
Morocco,MAR,2016,5.386,1812835,5394940,7.2,9.3,Africa
Niger,NER,2016,4.235,529150,1920772,5.3,0.51,Africa
Nigeria,NGA,2016,5.22,5272723,17999625,3.7,7.06,Africa
Rwanda,RWA,2016,3.333,461187,1346371,5.7,1.11,Africa
Senegal,SEN,2016,4.595,425907,1364229,6.3,6.7,Africa
Sierra Leone,SLE,2016,4.733,248193,823765,6.2,4.59,Africa
Somalia,SOM,2016,4.668,581085,2237694,7.9,13.17,Africa
South Africa,ZAF,2016,4.77,2281760,6271840,24.4,26.54,Africa
South Sudan,SSD,2016,2.888,287655,946166,3.7,12.37,Africa
Tanzania,TZA,2016,2.903,1732532,5476522,4.2,2.08,Africa
Togo,TGO,2016,3.879,250966,800384,9.3,2.95,Africa
Tunisia,TUN,2016,4.521,604936,1775412,3.1,15.51,Africa
Uganda,UGA,2016,4.233,1619624,4377587,4.7,1.83,Africa
Zambia,ZMB,2016,4.348,494869,1688946,8.5,10.88,Africa
Zimbabwe,ZWE,2016,3.735,363160,1374735,16.8,5.24,Africa
Algeria,DZA,2017,5.249,1661264,5685172,2.5,12,Africa
Benin,BEN,2017,4.853,359569,1164606,8,2.44,Africa
Botswana,BWA,2017,3.505,88013,250640,17.4,17.46,Africa
Cameroon,CMR,2017,5.074,918435,2788275,9,3.41,Africa
Central African Republic,CAF,2017,3.476,229634,644781,14.3,4.17,Africa
Chad,TCD,2017,4.559,483542,1505957,6.7,1.89,Africa
Congo,COG,2017,4.884,232153,584782,6.6,9.75,Africa
Egypt,EGY,2017,3.929,3462867,13124899,3,11.74,Africa
Ethiopia,ETH,2017,4.18,3323442,10845017,5.4,2.12,Africa
Gabon,GAB,2017,4.782,83811,206543,8.8,19.93,Africa
Gambia,GMB,2017,4.118,84997,235280,4.9,9.12,Africa
Ghana,GHA,2017,5.481,1066706,3103375,7,4.22,Africa
Guinea,GIN,2017,4.874,367455,1199598,7,4.26,Africa
Kenya,KEN,2017,4.476,1719367,5147245,5.6,2.69,Africa
Lesotho,LSO,2017,3.795,99649,251638,78.3,24.13,Africa
Liberia,LBR,2017,4.424,176184,530637,4.5,3,Africa
Libya,LBY,2017,5.647,310295,1028254,5.5,18.61,Africa
Madagascar,MDG,2017,4.079,887914,2824266,5.5,1.73,Africa
Malawi,MWI,2017,3.417,509042,1864109,5.9,5.7,Africa
Mali,MLI,2017,4.742,481515,1796472,4.1,7.41,Africa
Mauritania,MRT,2017,4.678,106679,357350,3.1,10.34,Africa
Mauritius,MUS,2017,6.174,56924,159887,9.6,6.75,Africa
Morocco,MAR,2017,5.312,1838421,5441736,7.1,9.19,Africa
Mozambique,MOZ,2017,4.28,927945,3036926,13.4,3.31,Africa
Namibia,NAM,2017,4.441,71783,234908,10.9,21.57,Africa
Niger,NER,2017,4.616,551037,1997807,5.3,0.49,Africa
Nigeria,NGA,2017,5.322,5444529,18563673,3.6,8.39,Africa
Rwanda,RWA,2017,3.108,477022,1384172,5.6,1.06,Africa
Senegal,SEN,2017,4.683,436681,1395953,6.2,6.61,Africa
Sierra Leone,SLE,2017,4.09,256922,850680,6.3,4.5,Africa
South Africa,ZAF,2017,4.514,2342337,6377252,25.2,27.04,Africa
South Sudan,SSD,2017,2.817,291586,955837,3.7,12.23,Africa
Tanzania,TZA,2017,3.347,1789578,5633429,4.2,2.03,Africa
Togo,TGO,2017,4.361,259170,822051,9,3.74,Africa
Tunisia,TUN,2017,4.124,611002,1787785,3.1,15.38,Africa
Uganda,UGA,2017,4.001,1677164,4512643,4.4,1.79,Africa
Zambia,ZMB,2017,3.933,515695,1751295,8.5,11.63,Africa
Zimbabwe,ZWE,2017,3.638,371659,1399346,15,5.15,Africa
Algeria,DZA,2018,5.043,1699104,5781481,2.5,11.89,Africa
Benin,BEN,2018,5.82,373357,1205401,7.9,2.37,Africa
Botswana,BWA,2018,3.461,90331,255743,17.4,17.32,Africa
Burundi,BDI,2018,3.775,378797,1267052,6.3,1.45,Africa
Cameroon,CMR,2018,5.251,953989,2883318,8.9,3.36,Africa
Chad,TCD,2018,4.486,502678,1565330,6.6,1.89,Africa
Comoros,COM,2018,3.973,26579,79675,5.4,7.78,Africa
Congo,COG,2018,5.49,239232,601294,6.5,9.66,Africa
Egypt,EGY,2018,4.005,3544173,13377276,3,9.82,Africa
Ethiopia,ETH,2018,4.379,3438804,11118175,5.4,2.07,Africa
Gabon,GAB,2018,4.783,85827,210806,8.6,19.77,Africa
Gambia,GMB,2018,4.922,87874,242421,4.8,9.02,Africa
Ghana,GHA,2018,5.004,1101332,3184398,6.6,4.16,Africa
Guinea,GIN,2018,5.252,378324,1232862,6.9,4.19,Africa
Kenya,KEN,2018,4.656,1780044,5290588,6,2.64,Africa
Liberia,LBR,2018,4.135,176515,539773,4.4,2.94,Africa
Libya,LBY,2018,5.494,317299,1044436,5.8,18.46,Africa
Madagascar,MDG,2018,4.071,918761,2907113,5.5,1.69,Africa
Malawi,MWI,2018,3.335,528273,1926688,5.6,5.62,Africa
Mali,MLI,2018,4.416,502113,1866018,4.1,7.31,Africa
Mauritania,MRT,2018,4.314,110143,366733,3.1,10.22,Africa
Mauritius,MUS,2018,5.882,57300,160240,8.7,6.43,Africa
Morocco,MAR,2018,4.897,1863906,5493386,7.2,9.08,Africa
Mozambique,MOZ,2018,4.654,959466,3130952,13.5,3.24,Africa
Namibia,NAM,2018,4.834,73316,238696,9.9,19.88,Africa
Niger,NER,2018,5.164,574990,2077860,5.3,0.47,Africa
Nigeria,NGA,2018,5.252,5620481,19142371,3.5,8.45,Africa
Rwanda,RWA,2018,3.561,493401,1420164,5.6,1.02,Africa
Senegal,SEN,2018,4.769,449910,1430627,6.1,6.53,Africa
Sierra Leone,SLE,2018,4.306,266195,878202,6.6,4.42,Africa
South Africa,ZAF,2018,4.884,2372915,6451600,24.1,26.91,Africa
Tanzania,TZA,2018,3.445,1853047,5797310,4.2,1.99,Africa
Togo,TGO,2018,4.023,267444,844056,8.7,3.66,Africa
Tunisia,TUN,2018,4.741,621197,1806075,3.2,15.46,Africa
Uganda,UGA,2018,4.322,1735319,4649015,4.4,1.75,Africa
Zambia,ZMB,2018,4.041,537202,1814633,8.1,12.01,Africa
Zimbabwe,ZWE,2018,3.616,380391,1424381,14,5.07,Africa
Algeria,DZA,2019,4.745,1747189,5890019,2.5,11.81,Africa
Benin,BEN,2019,4.976,387939,1247943,7.8,2.32,Africa
Botswana,BWA,2019,3.471,92664,260564,16.1,17.21,Africa
Cameroon,CMR,2019,4.937,993098,2980642,9,3.32,Africa
Chad,TCD,2019,4.251,523661,1629263,6.4,1.91,Africa
Comoros,COM,2019,4.609,27271,81080,5.4,7.7,Africa
Congo,COG,2019,5.213,246802,618360,6.5,9.6,Africa
Egypt,EGY,2019,4.328,3638842,13660431,3,9.73,Africa
Ethiopia,ETH,2019,4.1,3564298,11397496,5.4,2.04,Africa
Gabon,GAB,2019,4.914,87765,214849,8.4,19.64,Africa
Gambia,GMB,2019,5.164,91023,249781,4.8,8.94,Africa
Ghana,GHA,2019,4.967,1137697,3265916,6.6,4.12,Africa
Guinea,GIN,2019,4.768,390002,1267531,7,4.14,Africa
Kenya,KEN,2019,4.619,1844799,5436049,6.1,2.6,Africa
Lesotho,LSO,2019,3.512,103288,257120,72.4,23.86,Africa
Liberia,LBR,2019,5.121,170534,543560,4.5,2.89,Africa
Libya,LBY,2019,5.33,325500,1060680,4.5,18.34,Africa
Madagascar,MDG,2019,4.339,952024,2991460,5.5,1.67,Africa
Malawi,MWI,2019,3.869,548764,1990289,5.4,5.56,Africa
Mali,MLI,2019,4.988,525718,1940513,4.1,7.24,Africa
Mauritania,MRT,2019,4.153,113968,376294,3.1,10.13,Africa
Mauritius,MUS,2019,6.241,57638,160656,9.5,6.36,Africa
Morocco,MAR,2019,5.057,1889974,5552161,7.2,9.01,Africa
Mozambique,MOZ,2019,4.932,995930,3233504,13.6,3.19,Africa
Namibia,NAM,2019,4.436,75143,242536,9.7,19.75,Africa
Niger,NER,2019,5.004,601439,2161851,5.3,0.46,Africa
Nigeria,NGA,2019,4.356,5800001,19735093,3.5,8.53,Africa
Rwanda,RWA,2019,3.268,512062,1457729,5.6,0.99,Africa
Senegal,SEN,2019,5.489,465405,1468264,6,6.47,Africa
Sierra Leone,SLE,2019,3.447,275540,905735,6.7,4.36,Africa
South Africa,ZAF,2019,5.035,2390738,6512562,23.5,28.47,Africa
Tanzania,TZA,2019,3.64,1922665,5965121,4.3,1.96,Africa
Togo,TGO,2019,4.179,276012,866570,8.8,3.6,Africa
Tunisia,TUN,2019,4.315,634834,1828614,3.3,15.13,Africa
Uganda,UGA,2019,4.948,1795181,4785579,4.6,1.72,Africa
Zambia,ZMB,2019,3.307,559699,1878016,7.3,11.91,Africa
Zimbabwe,ZWE,2019,2.694,389098,1447584,14.1,5.02,Africa
Iran,IRN,2005,5.308,3264733,13580775,6.3,12.1,Asia
Japan,JPN,2005,6.516,3504905,13743144,24.3,4.4,Asia
Jordan,JOR,2005,6.295,213919,802763,2,14.8,Asia
Lebanon,LBN,2005,5.491,195006,619696,2.7,8.27,Asia
Pakistan,PAK,2005,5.225,4561246,17192286,9,0.61,Asia
Saudi Arabia,SAU,2005,7.08,907945,3063803,3.7,6.05,Asia
Turkey,TUR,2005,4.719,3109719,10536295,2.8,10.64,Asia
Bangladesh,BGD,2006,4.319,5307719,15756237,5,3.59,Asia
Cambodia,KHM,2006,3.569,357696,1672267,5.7,1.29,Asia
China,CHN,2006,4.56,43233810,153533835,12.1,4.4,Asia
India,IND,2006,5.348,45135572,157729299,15.6,5.52,Asia
Indonesia,IDN,2006,4.947,5205270,23994502,2.9,7.55,Asia
Israel,ISR,2006,7.173,331738,960697,5.5,10.71,Asia
Kazakhstan,KAZ,2006,5.476,550515,1616271,38,7.79,Asia
Kuwait,KWT,2006,6.076,102004,326118,2.7,1.3,Asia
Kyrgyzstan,KGZ,2006,4.641,166312,579890,13.1,8.27,Asia
Laos,LAO,2006,5.076,135233,675442,6.4,1.15,Asia
Lebanon,LBN,2006,4.653,199066,631869,2.5,8.62,Asia
Malaysia,MYS,2006,6.012,881396,3030903,4.5,3.32,Asia
Nepal,NPL,2006,4.567,1061088,3328245,7.7,1.47,Asia
Philippines,PHL,2006,4.67,2074470,9995802,2,4.05,Asia
Sri Lanka,LKA,2006,4.345,594364,2251565,18.3,6.5,Asia
Tajikistan,TJK,2006,4.613,158079,734597,3.6,12.38,Asia
Thailand,THA,2006,5.885,2139359,8261244,8.9,1.22,Asia
United Arab Emirates,ARE,2006,6.734,190949,607399,8.3,3.06,Asia
Uzbekistan,UZB,2006,5.232,761338,2787823,8.8,5.86,Asia
Vietnam,VNM,2006,5.294,2101682,8089602,6.4,2.08,Asia
Bangladesh,BGD,2007,4.607,5424720,15855464,4.9,3.91,Asia
Cambodia,KHM,2007,4.156,364590,1691198,5.7,1.26,Asia
China,CHN,2007,4.863,43425689,153780187,11.5,4.3,Asia
India,IND,2007,5.027,44178916,159567725,15.3,5.41,Asia
Indonesia,IDN,2007,5.101,5279752,24255959,2.9,8.06,Asia
Iran,IRN,2007,5.336,3517928,14026309,6.4,10.6,Asia
Israel,ISR,2007,6.841,337830,990132,5.2,9.38,Asia
Japan,JPN,2007,6.238,3462931,13603427,25,3.9,Asia
Jordan,JOR,2007,5.598,233588,881430,1.7,13.1,Asia
Kazakhstan,KAZ,2007,5.719,555228,1625029,38,7.26,Asia
Kyrgyzstan,KGZ,2007,4.698,168259,584592,12.6,8.1,Asia
Laos,LAO,2007,5.364,137642,686596,6.3,0.99,Asia
Malaysia,MYS,2007,6.239,898589,3084411,4.4,3.23,Asia
Mongolia,MNG,2007,4.609,101491,289332,23.6,7.2,Asia
Nepal,NPL,2007,4.748,1092570,3388440,8,1.38,Asia
Pakistan,PAK,2007,5.671,4769686,18180723,9.1,0.4,Asia
Philippines,PHL,2007,5.074,2130701,10200428,1.9,3.43,Asia
Saudi Arabia,SAU,2007,7.267,1003258,3328663,4.3,5.73,Asia
Sri Lanka,LKA,2007,4.415,595906,2263835,20,5.97,Asia
Tajikistan,TJK,2007,4.432,162242,748328,3.7,11.84,Asia
Thailand,THA,2007,5.784,2217705,8529934,8.4,1.18,Asia
Turkey,TUR,2007,5.623,3167717,10697180,2.5,8.87,Asia
Vietnam,VNM,2007,5.422,2142265,8155495,6.7,2.03,Asia
Yemen,YEM,2007,4.477,855228,3215446,5.8,12.1,Asia
Afghanistan,AFG,2008,3.724,943571,4211454,4.6,11.11,Asia
Bangladesh,BGD,2008,5.052,5543314,15939418,4.7,4.29,Asia
Cambodia,KHM,2008,4.462,371238,1709585,5.6,0.83,Asia
China,CHN,2008,4.846,43571376,153988167,11.1,4.6,Asia
India,IND,2008,5.146,42712778,161054253,15.1,5.36,Asia
Indonesia,IDN,2008,4.815,5352864,24507428,2.8,7.21,Asia
Iran,IRN,2008,5.129,3663634,14278657,6.2,10.48,Asia
Iraq,IRQ,2008,4.59,941247,4324511,3.6,8.4,Asia
Israel,ISR,2008,7.261,343932,1022154,5.3,7.7,Asia
Japan,JPN,2008,5.911,3421006,13486426,24.4,4,Asia
Jordan,JOR,2008,4.93,241478,915988,1.7,12.7,Asia
Kazakhstan,KAZ,2008,5.886,560018,1633640,34.6,6.63,Asia
Kyrgyzstan,KGZ,2008,4.737,170249,588995,12.3,8.22,Asia
Laos,LAO,2008,5.044,139853,697053,6.3,0.85,Asia
Lebanon,LBN,2008,4.595,204955,658467,2.9,7.45,Asia
Malaysia,MYS,2008,5.807,915352,3134631,4.5,3.34,Asia
Mongolia,MNG,2008,4.493,103787,293195,23.8,5.57,Asia
Nepal,NPL,2008,4.441,1125099,3448240,8.3,1.33,Asia
Pakistan,PAK,2008,4.414,4864494,18695964,9,0.42,Asia
Philippines,PHL,2008,4.589,2189613,10400978,2,3.72,Asia
Saudi Arabia,SAU,2008,6.811,1058408,3476249,4.6,5.08,Asia
Sri Lanka,LKA,2008,4.431,597962,2276163,17.5,5.22,Asia
Syria,SYR,2008,5.323,704169,2997677,1.4,10.94,Asia
Tajikistan,TJK,2008,5.064,166476,761461,3.8,11.43,Asia
Thailand,THA,2008,5.636,2254569,8602896,8.1,1.18,Asia
Turkey,TUR,2008,5.118,3178980,10750677,2.4,9.71,Asia
Uzbekistan,UZB,2008,5.311,790032,2854312,8.5,4.89,Asia
Vietnam,VNM,2008,5.48,2182781,8221980,6.9,1.8,Asia
Afghanistan,AFG,2009,4.402,980619,4330314,4.4,11.46,Asia
Bahrain,BHR,2009,5.701,61159,180758,8.6,1.13,Asia
Bangladesh,BGD,2009,5.083,5672905,16048780,4.6,5,Asia
Cambodia,KHM,2009,4.111,378484,1728993,5.4,0.58,Asia
China,CHN,2009,4.454,43820117,154231491,10.7,4.7,Asia
India,IND,2009,4.522,41542419,162693852,14.5,5.61,Asia
Indonesia,IDN,2009,5.472,5429432,24758565,2.7,6.11,Asia
Iraq,IRQ,2009,4.775,975313,4454355,3.7,8.49,Asia
Israel,ISR,2009,7.353,349834,1052314,6,9.53,Asia
Japan,JPN,2009,5.845,3382171,13374060,24.9,5.1,Asia
Jordan,JOR,2009,6,251325,957546,1.6,12.9,Asia
Kazakhstan,KAZ,2009,5.383,565251,1643447,30.3,6.55,Asia
Kuwait,KWT,2009,6.585,120104,382967,2.7,1.64,Asia
Kyrgyzstan,KGZ,2009,5.069,172430,593927,11.9,8.41,Asia
Lebanon,LBN,2009,5.206,207367,669132,3,6.36,Asia
Malaysia,MYS,2009,5.385,931324,3184034,4.6,3.69,Asia
Nepal,NPL,2009,4.917,1157121,3506543,8.5,1.64,Asia
Pakistan,PAK,2009,5.208,4968372,19233083,8.8,0.54,Asia
Philippines,PHL,2009,4.88,2249487,10597468,2.3,3.86,Asia
Qatar,QAT,2009,6.418,71634,215767,8.4,0.31,Asia
Saudi Arabia,SAU,2009,6.148,1115076,3628759,5,5.38,Asia
Sri Lanka,LKA,2009,4.212,601099,2288791,22.7,5.85,Asia
Syria,SYR,2009,4.979,715826,3036316,1.4,8.14,Asia
Tajikistan,TJK,2009,4.575,170926,775334,3.9,11.5,Asia
Thailand,THA,2009,5.476,2248045,8473017,8,0.93,Asia
Turkey,TUR,2009,5.213,3191291,10800502,2.4,12.55,Asia
Turkmenistan,TKM,2009,6.568,127975,452776,9.4,4.54,Asia
United Arab Emirates,ARE,2009,6.866,334796,1080128,8.5,2.53,Asia
Uzbekistan,UZB,2009,5.261,804802,2887004,8,5,Asia
Vietnam,VNM,2009,5.304,2221440,8285256,6.9,1.74,Asia
Yemen,YEM,2009,4.809,914592,3396776,5.9,12.71,Asia
Afghanistan,AFG,2010,4.758,1025343,4479431,4.3,11.52,Asia
Bahrain,BHR,2010,5.937,64656,191078,8.2,1.13,Asia
Bangladesh,BGD,2010,4.858,5811082,16208404,4.4,3.38,Asia
Cambodia,KHM,2010,4.141,386462,1748744,5.4,0.77,Asia
China,CHN,2010,4.653,44288056,154569565,10.2,4.5,Asia
India,IND,2010,4.989,41531220,165033039,14.6,5.65,Asia
Indonesia,IDN,2010,5.457,5517289,25017592,2.6,5.61,Asia
Iraq,IRQ,2010,5.065,1017116,4611978,3.9,8.34,Asia
Israel,ISR,2010,7.359,355462,1076178,6.7,8.48,Asia
Japan,JPN,2010,6.057,3358800,13292205,24.1,5.1,Asia
Jordan,JOR,2010,5.57,263050,1001833,1.5,12.5,Asia
Kazakhstan,KAZ,2010,5.514,571365,1655253,29.9,5.77,Asia
Kuwait,KWT,2010,6.798,127673,405998,2.5,1.82,Asia
Kyrgyzstan,KGZ,2010,4.996,175117,599507,11.4,8.64,Asia
Lebanon,LBN,2010,5.032,210819,680358,3,6.4,Asia
Malaysia,MYS,2010,5.58,948563,3234323,4.5,3.25,Asia
Mongolia,MNG,2010,4.586,108815,301435,23.4,6.55,Asia
Nepal,NPL,2010,4.35,1186388,3562883,8.7,1.88,Asia
Pakistan,PAK,2010,5.786,5088099,19786764,8.8,0.65,Asia
Philippines,PHL,2010,4.942,2309667,10790603,2.4,3.61,Asia
Qatar,QAT,2010,6.85,82119,247537,8.2,0.45,Asia
Saudi Arabia,SAU,2010,6.307,1173240,3784477,5.5,5.55,Asia
Sri Lanka,LKA,2010,3.977,606332,2304319,21.9,4.78,Asia
Syria,SYR,2010,4.465,718897,3033405,1.5,8.61,Asia
Tajikistan,TJK,2010,4.381,176169,790466,4,10.85,Asia
Thailand,THA,2010,6.217,2260843,8427285,8.1,0.62,Asia
Turkey,TUR,2010,5.49,3217015,10869466,2.4,10.66,Asia
United Arab Emirates,ARE,2010,7.097,345525,1111417,8.4,2.36,Asia
Uzbekistan,UZB,2010,5.095,821753,2923512,8.1,5.4,Asia
Vietnam,VNM,2010,5.296,2261725,8350786,7,1.11,Asia
Yemen,YEM,2010,4.35,945960,3500725,5.7,12.93,Asia
Afghanistan,AFG,2011,3.832,1071820,4632218,4.1,11.51,Asia
Bahrain,BHR,2011,4.824,66908,197337,7.9,1.18,Asia
Bangladesh,BGD,2011,4.986,5958619,16411820,4,3.71,Asia
Cambodia,KHM,2011,4.161,395031,1770286,5.3,0.58,Asia
China,CHN,2011,5.037,44971037,154826809,9.6,4.5,Asia
India,IND,2011,4.635,42443838,167976789,14.7,5.65,Asia
Indonesia,IDN,2011,5.173,5618834,25289503,2.6,5.15,Asia
Iran,IRN,2011,4.768,3992363,14825230,6.8,12.45,Asia
Iraq,IRQ,2011,4.725,1082066,4819853,4.1,8.15,Asia
Israel,ISR,2011,7.433,358990,1093630,5.7,7.14,Asia
Japan,JPN,2011,6.263,3340625,13221258,23.4,4.52,Asia
Jordan,JOR,2011,5.539,278477,1057534,1.5,12.9,Asia
Kazakhstan,KAZ,2011,5.736,579477,1670038,28.7,5.39,Asia
Kuwait,KWT,2011,6.378,135848,430589,2.3,2.07,Asia
Kyrgyzstan,KGZ,2011,4.921,178213,606140,11.3,8.53,Asia
Laos,LAO,2011,4.704,149593,727092,5.9,0.71,Asia
Lebanon,LBN,2011,5.188,220299,709611,3,6.39,Asia
Malaysia,MYS,2011,5.786,973478,3288930,4.6,3.05,Asia
Mongolia,MNG,2011,5.031,111483,305728,22.7,4.77,Asia
Nepal,NPL,2011,3.809,1206225,3608916,8.9,2.11,Asia
Oman,OMN,2011,6.853,124914,429078,6.1,3.64,Asia
Pakistan,PAK,2011,5.267,5229687,20371866,8.7,0.8,Asia
Philippines,PHL,2011,4.994,2371069,10982056,2.7,3.59,Asia
Qatar,QAT,2011,6.592,91411,275880,8,0.56,Asia
Saudi Arabia,SAU,2011,6.7,1230966,3938560,6.1,5.77,Asia
Sri Lanka,LKA,2011,4.181,614092,2322828,17.9,4.12,Asia
Syria,SYR,2011,4.038,697884,2921709,1.5,8.6,Asia
Tajikistan,TJK,2011,4.263,181766,806479,4,10.16,Asia
Thailand,THA,2011,6.664,2294848,8472640,8,0.66,Asia
Turkey,TUR,2011,5.272,3261609,10980892,2.2,8.8,Asia
Turkmenistan,TKM,2011,5.792,131861,458286,7.6,4,Asia
United Arab Emirates,ARE,2011,7.119,355325,1137200,8.2,2.23,Asia
Uzbekistan,UZB,2011,5.739,840973,2961360,8.5,5,Asia
Vietnam,VNM,2011,5.767,2301668,8437889,7.2,1,Asia
Yemen,YEM,2011,3.746,978476,3613071,5.6,13.08,Asia
Afghanistan,AFG,2012,3.783,1119167,4786380,4,11.52,Asia
Bahrain,BHR,2012,5.027,68683,202274,7.4,1.2,Asia
Bangladesh,BGD,2012,4.724,6114550,16631664,3.7,4.06,Asia
Cambodia,KHM,2012,3.899,403532,1791465,5.2,0.51,Asia
China,CHN,2012,5.095,45728981,154901820,9,4.6,Asia
India,IND,2012,4.72,43420959,170986546,14.3,5.66,Asia
Indonesia,IDN,2012,5.368,5732003,25568175,2.5,4.47,Asia
Iran,IRN,2012,4.609,4089557,14998884,6.7,12.63,Asia
Iraq,IRQ,2012,4.66,1167577,5042156,4.1,7.97,Asia
Israel,ISR,2012,7.111,359474,1107869,6.1,6.86,Asia
Japan,JPN,2012,5.968,3314315,13131352,21.6,4.3,Asia
Jordan,JOR,2012,5.132,299558,1134572,1.5,12.2,Asia
Kazakhstan,KAZ,2012,5.759,588670,1686592,27.6,5.29,Asia
Kuwait,KWT,2012,6.221,144279,455905,2.4,2.3,Asia
Kyrgyzstan,KGZ,2012,5.208,181290,612977,10.9,8.43,Asia
Laos,LAO,2012,4.876,154290,737324,5.7,0.71,Asia
Lebanon,LBN,2012,4.573,235580,759812,3,6.4,Asia
Malaysia,MYS,2012,5.914,1006746,3347254,4.6,3.04,Asia
Mongolia,MNG,2012,4.885,114157,310185,21.7,3.91,Asia
Nepal,NPL,2012,4.233,1214487,3642391,8.9,2.36,Asia
Pakistan,PAK,2012,5.132,5389444,20986866,8.8,1.7,Asia
Philippines,PHL,2012,5.002,2435103,11171557,2.4,3.5,Asia
Qatar,QAT,2012,6.611,99106,299749,7.4,0.48,Asia
Saudi Arabia,SAU,2012,6.396,1290636,4094122,6.4,5.52,Asia
Sri Lanka,LKA,2012,4.225,622633,2343299,16.6,3.88,Asia
Syria,SYR,2012,3.164,655430,2714911,1.6,8.61,Asia
Tajikistan,TJK,2012,4.497,187660,823207,4.1,9.5,Asia
Thailand,THA,2012,6.3,2327340,8507210,7.9,0.58,Asia
Turkey,TUR,2012,5.309,3319002,11131208,2.2,8.15,Asia
Turkmenistan,TKM,2012,5.464,134003,461843,7.1,4,Asia
United Arab Emirates,ARE,2012,7.218,364571,1160861,7.9,2.09,Asia
Uzbekistan,UZB,2012,6.019,860566,2999218,8.9,4.9,Asia
Vietnam,VNM,2012,5.535,2342011,8559864,7.4,1.03,Asia
Yemen,YEM,2012,4.061,1011913,3729770,5.7,13.24,Asia
Afghanistan,AFG,2013,3.572,1165521,4938827,4,11.54,Asia
Bahrain,BHR,2013,6.69,70446,207143,7.1,1.22,Asia
Bangladesh,BGD,2013,4.66,6268385,16855498,3.5,4.43,Asia
Bhutan,BTN,2013,5.569,27002,86511,4.4,2.87,Asia
Cambodia,KHM,2013,3.674,412011,1813643,5.2,0.44,Asia
China,CHN,2013,5.241,46524347,154983501,8.6,4.6,Asia
India,IND,2013,4.428,44444032,174000099,13.7,5.67,Asia
Indonesia,IDN,2013,5.292,5850034,25848716,2.5,4.34,Asia
Iran,IRN,2013,5.14,4186005,15178640,6.6,10.44,Asia
Iraq,IRQ,2013,4.725,1255245,5232221,4.2,9.27,Asia
Israel,ISR,2013,7.321,359251,1121764,5.2,6.21,Asia
Japan,JPN,2013,5.959,3287489,13038217,21.4,4,Asia
Jordan,JOR,2013,5.172,321027,1212304,1.5,12.6,Asia
Kazakhstan,KAZ,2013,5.835,598341,1704259,26.3,5.2,Asia
Kuwait,KWT,2013,6.48,152825,481619,2.4,2.56,Asia
Kyrgyzstan,KGZ,2013,5.402,184432,620319,10.5,8.33,Asia
Lebanon,LBN,2013,4.983,247582,797339,3,6.41,Asia
Malaysia,MYS,2013,5.77,1043371,3406671,4.4,3.11,Asia
Mongolia,MNG,2013,4.913,116768,314717,21,4.23,Asia
Nepal,NPL,2013,4.605,1217405,3671935,8.7,2.63,Asia
Pakistan,PAK,2013,5.138,5559863,21614294,8.9,2.95,Asia
Philippines,PHL,2013,4.977,2499945,11358795,2.4,3.5,Asia
Saudi Arabia,SAU,2013,6.495,1349311,4247666,6.5,5.57,Asia
Sri Lanka,LKA,2013,4.365,632213,2364977,15.2,4.24,Asia
Syria,SYR,2013,2.688,617922,2530198,1.8,8.62,Asia
Tajikistan,TJK,2013,4.967,193605,840496,4,8.86,Asia
Thailand,THA,2013,6.231,2358748,8534568,7.5,0.21,Asia
Turkey,TUR,2013,4.888,3387271,11320493,2.3,8.73,Asia
Turkmenistan,TKM,2013,5.392,136202,465618,7.1,4.01,Asia
United Arab Emirates,ARE,2013,6.621,373722,1182668,7.5,1.95,Asia
Uzbekistan,UZB,2013,5.94,880349,3038213,8.9,4.9,Asia
Vietnam,VNM,2013,5.023,2382510,8694494,7.5,1.32,Asia
Yemen,YEM,2013,4.218,1046420,3853214,5.7,13.41,Asia
Afghanistan,AFG,2014,3.131,1201934,5051968,3.9,11.45,Asia
Bahrain,BHR,2014,6.165,72088,211519,7.4,1.27,Asia
Bangladesh,BGD,2014,4.636,6429017,17093108,3.5,4.39,Asia
Bhutan,BTN,2014,4.939,27520,87259,4.4,2.63,Asia
Cambodia,KHM,2014,3.883,420563,1836164,5.1,0.69,Asia
China,CHN,2014,5.196,47318196,155238787,8.4,4.6,Asia
India,IND,2014,4.424,45488687,176935436,12.8,5.6,Asia
Indonesia,IDN,2014,5.597,5965388,26122601,2.4,4.05,Asia
Iran,IRN,2014,4.682,4271205,15345195,6.5,10.57,Asia
Iraq,IRQ,2014,4.542,1333148,5388412,4.1,10.59,Asia
Israel,ISR,2014,7.401,359635,1136385,5.1,5.89,Asia
Japan,JPN,2014,5.923,3266722,12953359,20.1,3.6,Asia
Jordan,JOR,2014,5.333,341082,1282330,1.5,11.9,Asia
Kazakhstan,KAZ,2014,5.97,607898,1723888,24.2,5.06,Asia
Kuwait,KWT,2014,6.18,161463,507295,2.5,2.9,Asia
Kyrgyzstan,KGZ,2014,5.252,187550,628064,10.5,8.05,Asia
Lebanon,LBN,2014,5.233,251901,807502,2.8,6.35,Asia
Malaysia,MYS,2014,5.963,1077732,3465798,4.6,2.88,Asia
Mongolia,MNG,2014,4.825,119259,319360,20,4.8,Asia
Nepal,NPL,2014,4.975,1222823,3703845,8.5,2.85,Asia
Pakistan,PAK,2014,5.436,5740650,22255898,8.9,1.83,Asia
Philippines,PHL,2014,5.313,2563746,11545134,2.3,3.6,Asia
Saudi Arabia,SAU,2014,6.278,1407758,4398918,6.6,5.72,Asia
Sri Lanka,LKA,2014,4.268,641399,2386706,13.1,4.19,Asia
Tajikistan,TJK,2014,4.896,199706,858148,4.1,8.17,Asia
Thailand,THA,2014,6.985,2387780,8556321,7.8,0.58,Asia
Turkey,TUR,2014,5.58,3454682,11500964,2.3,9.88,Asia
Turkmenistan,TKM,2014,5.787,138341,469630,6.8,3.97,Asia
United Arab Emirates,ARE,2014,6.54,381940,1201773,7,1.84,Asia
Uzbekistan,UZB,2014,6.049,899991,3079341,9,5.1,Asia
Vietnam,VNM,2014,5.085,2422122,8819617,7.6,1.26,Asia
Yemen,YEM,2014,3.968,1081971,3980497,5.7,13.47,Asia
Afghanistan,AFG,2015,3.983,1238345,5169607,4,11.39,Asia
Bahrain,BHR,2015,6.007,73417,214651,7.4,1.32,Asia
Bangladesh,BGD,2015,4.633,6588316,17325560,3.4,4.38,Asia
Bhutan,BTN,2015,5.082,27978,87845,4.5,2.45,Asia
Cambodia,KHM,2015,4.162,429336,1860107,5.1,0.39,Asia
China,CHN,2015,5.304,48058838,155864085,8.1,4.6,Asia
India,IND,2015,4.342,46523772,179696402,12.3,5.56,Asia
Indonesia,IDN,2015,5.043,6074387,26398837,2.4,4.51,Asia
Iran,IRN,2015,4.75,4338028,15493044,6.3,11.06,Asia
Iraq,IRQ,2015,4.493,1389713,5513823,4.1,10.72,Asia
Israel,ISR,2015,7.079,363273,1153669,4.5,5.25,Asia
Japan,JPN,2015,5.88,3257460,12887752,19.1,3.4,Asia
Jordan,JOR,2015,5.405,361824,1354503,1.5,13.08,Asia
Kazakhstan,KAZ,2015,5.95,616094,1744323,23.2,4.93,Asia
Kuwait,KWT,2015,6.146,170114,532540,2.6,2.2,Asia
Kyrgyzstan,KGZ,2015,4.905,190813,636349,9.9,7.56,Asia
Lebanon,LBN,2015,5.172,253984,810950,2.8,6.31,Asia
Malaysia,MYS,2015,6.322,1104383,3520260,4.8,3.1,Asia
Mongolia,MNG,2015,4.983,121830,324694,20,4.86,Asia
Nepal,NPL,2015,4.812,1239476,3745254,8.5,3.1,Asia
Pakistan,PAK,2015,4.823,5920806,22892311,9,3.57,Asia
Philippines,PHL,2015,5.547,2624364,11733041,2.3,3.07,Asia
Qatar,QAT,2015,6.375,114395,349103,6.1,0.17,Asia
Saudi Arabia,SAU,2015,6.345,1464782,4544286,6.3,5.59,Asia
Sri Lanka,LKA,2015,4.612,650019,2408403,15.1,4.52,Asia
Syria,SYR,2015,3.462,579781,2326313,1.7,8.5,Asia
Tajikistan,TJK,2015,5.124,205838,875752,4.1,7.53,Asia
Thailand,THA,2015,6.202,2419561,8591261,8,0.6,Asia
Turkey,TUR,2015,5.514,3512825,11640724,2.3,10.24,Asia
Turkmenistan,TKM,2015,5.791,140393,474040,6.3,3.94,Asia
United Arab Emirates,ARE,2015,6.568,389512,1217828,6.5,1.74,Asia
Uzbekistan,UZB,2015,5.972,919544,3121772,9.2,5.2,Asia
Vietnam,VNM,2015,5.076,2462610,8919049,7.7,1.85,Asia
Yemen,YEM,2015,2.983,1118575,4111654,5.5,13.4,Asia
Afghanistan,AFG,2016,4.22,1283786,5332320,4,11.31,Asia
Bahrain,BHR,2016,6.17,74356,216348,7.7,1.38,Asia
Bangladesh,BGD,2016,4.556,6749196,17564361,3.4,4.35,Asia
Cambodia,KHM,2016,4.461,438667,1885387,5.1,0.72,Asia
China,CHN,2016,5.325,48704715,157595907,8.2,4.5,Asia
India,IND,2016,4.179,47562311,182305698,12.1,5.51,Asia
Indonesia,IDN,2016,5.136,6164628,26666914,2.4,4.3,Asia
Iran,IRN,2016,4.653,4390542,15536674,6.2,12.43,Asia
Iraq,IRQ,2016,4.413,1430248,5614682,4,10.82,Asia
Israel,ISR,2016,7.159,368985,1173646,5.2,4.8,Asia
Japan,JPN,2016,5.955,3258095,12836080,17.5,3.1,Asia
Jordan,JOR,2016,5.271,381523,1425247,1.5,15.28,Asia
Kazakhstan,KAZ,2016,5.534,623511,1765226,21.7,4.96,Asia
Kuwait,KWT,2016,5.947,178583,556734,2.6,2.16,Asia
Kyrgyzstan,KGZ,2016,4.857,193577,644781,8.6,7.21,Asia
Lebanon,LBN,2016,5.271,255764,815921,2.7,6.26,Asia
Mongolia,MNG,2016,5.057,124582,333846,20.1,7.24,Asia
Nepal,NPL,2016,5.1,1264867,3793577,8.5,3.05,Asia
Pakistan,PAK,2016,5.549,6097400,23525435,9.1,3.78,Asia
Philippines,PHL,2016,5.431,2681047,11919765,2.2,2.69,Asia
Saudi Arabia,SAU,2016,6.474,1515762,4679058,6.3,5.65,Asia
Tajikistan,TJK,2016,5.104,211385,892718,4.3,6.9,Asia
Thailand,THA,2016,6.074,2447533,8628521,8.5,0.69,Asia
Turkey,TUR,2016,5.326,3521885,11706511,2.3,10.84,Asia
Turkmenistan,TKM,2016,5.887,142384,478680,6.2,3.9,Asia
United Arab Emirates,ARE,2016,6.831,395425,1228228,6,1.64,Asia
Uzbekistan,UZB,2016,5.893,937088,3162809,9.1,5.2,Asia
Vietnam,VNM,2016,5.062,2505284,8992117,7.7,1.85,Asia
Yemen,YEM,2016,3.826,1154235,4260640,5.7,13.31,Asia
Afghanistan,AFG,2017,2.662,1332807,5510364,4.1,11.18,Asia
Bahrain,BHR,2017,6.227,75265,217966,8.1,1.44,Asia
Bangladesh,BGD,2017,4.31,6902281,17803180,3.5,4.37,Asia
Cambodia,KHM,2017,4.586,448504,1912735,5,0.14,Asia
China,CHN,2017,5.099,49303509,159422086,8.1,4.4,Asia
India,IND,2017,4.046,48602578,184811945,12,5.41,Asia
Indonesia,IDN,2017,5.098,6256963,26928883,2.4,3.88,Asia
Iran,IRN,2017,4.717,4436640,15569360,6,12.1,Asia
Iraq,IRQ,2017,4.462,1470673,5720253,3.9,13.02,Asia
Israel,ISR,2017,7.331,375278,1194618,5.1,4.22,Asia
Japan,JPN,2017,5.911,3259497,12785986,17,2.8,Asia
Jordan,JOR,2017,4.808,401963,1496536,1.5,15.78,Asia
Kazakhstan,KAZ,2017,5.882,630862,1787300,20.8,4.9,Asia
Kuwait,KWT,2017,6.094,187097,580623,2.7,2.25,Asia
Kyrgyzstan,KGZ,2017,5.63,196321,653744,8.3,6.89,Asia
Laos,LAO,2017,4.623,175488,788742,5.6,0.65,Asia
Lebanon,LBN,2017,5.154,256665,820530,3,6.18,Asia
Mongolia,MNG,2017,5.334,127128,343228,19.2,6.36,Asia
Nepal,NPL,2017,4.737,1293497,3845429,8.7,2.97,Asia
Pakistan,PAK,2017,5.831,6287003,24174203,9.1,3.94,Asia
Philippines,PHL,2017,5.594,2739004,12109063,2.2,2.55,Asia
Saudi Arabia,SAU,2017,6.294,1565697,4807117,6.2,5.89,Asia
Sri Lanka,LKA,2017,4.331,665920,2453265,14.4,4.05,Asia
Tajikistan,TJK,2017,5.829,217225,910702,4.2,6.81,Asia
Thailand,THA,2017,5.939,2472927,8658256,8.4,0.83,Asia
Turkey,TUR,2017,5.607,3517286,11735291,2.3,10.82,Asia
Turkmenistan,TKM,2017,5.229,144359,483631,5.8,3.84,Asia
United Arab Emirates,ARE,2017,7.039,401456,1237869,5.6,2.46,Asia
Uzbekistan,UZB,2017,6.421,954451,3207588,8.8,5.8,Asia
Vietnam,VNM,2017,5.175,2547891,9064990,7.7,1.87,Asia
Yemen,YEM,2017,3.254,1189909,4428332,5.6,13.15,Asia
Afghanistan,AFG,2018,2.694,1382786,5689403,4.1,11.06,Asia
Bangladesh,BGD,2018,4.499,7061528,18050433,3.6,4.29,Asia
Cambodia,KHM,2018,5.122,457286,1938929,4.9,0.13,Asia
China,CHN,2018,5.131,49776887,160124123,8.1,4.3,Asia
India,IND,2018,3.818,49450603,186732831,12.6,5.33,Asia
Indonesia,IDN,2018,5.34,6396089,27214355,2.4,4.4,Asia
Iran,IRN,2018,4.278,4453313,15658251,5.7,12.06,Asia
Iraq,IRQ,2018,4.886,1511239,5841751,3.7,12.87,Asia
Israel,ISR,2018,6.927,383016,1216760,5.4,4,Asia
Japan,JPN,2018,5.794,3258680,12732397,16.7,2.4,Asia
Jordan,JOR,2018,4.639,426911,1573281,1.6,16.29,Asia
Kazakhstan,KAZ,2018,6.008,637130,1810301,19,4.85,Asia
Kyrgyzstan,KGZ,2018,5.297,199442,663768,8,6.79,Asia
Laos,LAO,2018,4.859,179092,799643,5.6,0.64,Asia
Lebanon,LBN,2018,5.167,254166,818750,2.5,6.1,Asia
Malaysia,MYS,2018,5.339,1160075,3665091,5.4,3.3,Asia
Maldives,MDV,2018,5.198,14479,52545,2.9,5.9,Asia
Mongolia,MNG,2018,5.465,128864,348708,18.6,5.38,Asia
Nepal,NPL,2018,4.91,1325121,3898205,8.8,2.9,Asia
Pakistan,PAK,2018,5.472,6546119,24899035,8.9,4.08,Asia
Philippines,PHL,2018,5.869,2806369,12316014,2.2,2.34,Asia
Saudi Arabia,SAU,2018,6.356,1622742,4944747,6.1,6.04,Asia
Sri Lanka,LKA,2018,4.435,674372,2474119,14.2,4.32,Asia
Tajikistan,TJK,2018,5.497,223654,930590,4.2,6.72,Asia
Thailand,THA,2018,6.012,2496652,8684176,8.8,0.77,Asia
Turkey,TUR,2018,5.186,3546719,11770196,2.3,10.89,Asia
Turkmenistan,TKM,2018,4.621,146316,488776,5.7,3.79,Asia
United Arab Emirates,ARE,2018,6.604,408367,1249373,6,2.23,Asia
Uzbekistan,UZB,2018,6.205,972589,3255690,8.6,5.71,Asia
Vietnam,VNM,2018,5.296,2589019,9141356,7.6,1.16,Asia
Yemen,YEM,2018,3.058,1229826,4599040,5.9,13.01,Asia
Afghanistan,AFG,2019,2.375,1435039,5881346,4.1,10.98,Asia
Bahrain,BHR,2019,7.098,77432,222168,8.9,1.56,Asia
Bangladesh,BGD,2019,5.114,7219998,18308625,3.7,4.22,Asia
Cambodia,KHM,2019,4.998,465080,1963974,4.9,0.13,Asia
China,CHN,2019,5.144,50056236,160162694,8.1,4.6,Asia
India,IND,2019,3.249,50059379,187963709,12.7,5.27,Asia
Indonesia,IDN,2019,5.347,6584642,27535856,2.4,3.62,Asia
Iran,IRN,2019,5.006,4434190,15711961,5.2,11.14,Asia
Israel,ISR,2019,7.332,391626,1240267,5.3,3.8,Asia
Japan,JPN,2019,5.908,3256955,12670645,15.3,2.4,Asia
Jordan,JOR,2019,4.453,457274,1655015,1.6,16.85,Asia
Kazakhstan,KAZ,2019,6.272,642565,1833677,17.6,4.8,Asia
Kuwait,KWT,2019,6.106,205939,631554,2.9,2.41,Asia
Kyrgyzstan,KGZ,2019,5.685,202782,674504,7.4,6.72,Asia
Laos,LAO,2019,5.197,182924,811704,5.4,0.62,Asia
Lebanon,LBN,2019,4.024,247505,807971,2.8,6.04,Asia
Malaysia,MYS,2019,5.428,1184287,3715371,5.7,3.31,Asia
Mongolia,MNG,2019,5.563,129667,353270,17.9,5.31,Asia
Nepal,NPL,2019,5.449,1360059,3955151,9,2.85,Asia
Pakistan,PAK,2019,4.443,6886762,25722001,8.9,3.98,Asia
Philippines,PHL,2019,6.268,2884235,12539270,2.2,2.24,Asia
Saudi Arabia,SAU,2019,6.561,1686321,5087952,6,6.13,Asia
Sri Lanka,LKA,2019,4.213,683084,2495793,14,4.27,Asia
Tajikistan,TJK,2019,5.464,231009,952069,4.3,6.66,Asia
Thailand,THA,2019,6.022,2514313,8707630,8.8,0.72,Asia
Turkey,TUR,2019,4.872,3593252,11810598,2.4,13.67,Asia
Turkmenistan,TKM,2019,5.474,148082,494098,5.7,3.74,Asia
United Arab Emirates,ARE,2019,6.711,416251,1262939,6.4,2.28,Asia
Uzbekistan,UZB,2019,6.154,990616,3307343,8,5.65,Asia
Vietnam,VNM,2019,5.467,2629101,9222038,7.5,2.04,Asia
Yemen,YEM,2019,4.197,1273206,4783283,5.8,12.9,Asia
Belgium,BEL,2005,7.262,407050,1464948,20.7,8.44,Europe
Denmark,DNK,2005,8.019,227683,733420,14.8,4.83,Europe
France,FRA,2005,7.093,2780480,10073922,19.1,8.49,Europe
Germany,DEU,2005,6.62,3308532,11954140,13.3,11.17,Europe
Greece,GRC,2005,6.006,749066,1928478,3.7,9.99,Europe
Hungary,HUN,2005,5.194,371724,1196295,26.4,7.19,Europe
Italy,ITA,2005,6.854,2630579,8482501,6.7,7.73,Europe
Netherlands,NLD,2005,7.464,663373,2484568,9.8,5.87,Europe
Poland,POL,2005,5.587,970585,4050547,17.7,17.75,Europe
Romania,ROU,2005,5.049,696905,2472934,12.3,7.17,Europe
Spain,ESP,2005,7.153,2039997,7191628,8,9.15,Europe
Sweden,SWE,2005,7.376,441662,1357293,15.7,7.49,Europe
United Kingdom,GBR,2005,6.984,2825502,8702299,7.9,4.75,Europe
Armenia,ARM,2006,4.289,101910,365158,5.9,10.07,Europe
Austria,AUT,2006,7.122,311706,1251402,16.4,5.24,Europe
Azerbaijan,AZE,2006,4.728,233341,923582,4.7,6.62,Europe
Belarus,BLR,2006,5.658,490063,1320844,40.9,7.7,Europe
Cyprus,CYP,2006,6.238,34893,157431,3.5,4.54,Europe
Estonia,EST,2006,5.371,71421,178764,20.9,5.92,Europe
Finland,FIN,2006,7.672,270052,746557,21,7.72,Europe
France,FRA,2006,6.583,2810741,10117053,18.5,8.45,Europe
Georgia,GEO,2006,3.675,163056,482920,6.2,13.57,Europe
Ireland,IRL,2006,7.144,200332,695954,10.9,4.42,Europe
Latvia,LVA,2006,4.71,110207,298816,23.2,7.03,Europe
Lithuania,LTU,2006,5.954,168136,461401,35.2,5.78,Europe
Moldova,MDA,2006,5.102,155093,533628,19.7,7.38,Europe
Norway,NOR,2006,7.416,165214,713927,12.8,3.4,Europe
Portugal,PRT,2006,5.405,625094,1988677,11.5,7.65,Europe
Slovakia,SVK,2006,5.265,182907,631421,14.5,13.37,Europe
Slovenia,SVN,2006,5.811,86888,249704,27.9,5.95,Europe
Switzerland,CHE,2006,7.473,292139,1206674,18.8,4,Europe
Ukraine,UKR,2006,4.804,2539283,6193825,30.8,6.81,Europe
Albania,ALB,2007,4.634,77157,337580,8.1,15.97,Europe
Armenia,ARM,2007,4.882,102171,361564,5.8,9.81,Europe
Azerbaijan,AZE,2007,4.568,237953,928455,4.9,6.33,Europe
Belarus,BLR,2007,5.617,486022,1307149,36.8,7.01,Europe
Belgium,BEL,2007,7.219,427561,1499977,18.7,7.46,Europe
Bosnia and Herzegovina,BIH,2007,4.9,136289,478029,11.5,28.98,Europe
Bulgaria,BGR,2007,3.844,272740,901360,12.5,6.88,Europe
Croatia,HRV,2007,5.821,172668,534304,18.1,9.91,Europe
Denmark,DNK,2007,7.834,226189,737223,12.6,3.8,Europe
Estonia,EST,2007,5.332,70078,176510,21.4,4.59,Europe
Georgia,GEO,2007,3.707,161522,474238,6.1,13.28,Europe
Germany,DEU,2007,6.417,3339317,12045733,12.4,8.66,Europe
Greece,GRC,2007,6.647,749837,1923982,3,8.4,Europe
Hungary,HUN,2007,4.954,366828,1186328,25,7.41,Europe
Italy,ITA,2007,6.574,2620209,8648643,6.7,6.08,Europe
Latvia,LVA,2007,4.667,108151,293620,20.9,6.05,Europe
Lithuania,LTU,2007,5.808,166039,454111,34.5,4.25,Europe
Moldova,MDA,2007,4.775,154079,528297,17.2,5.07,Europe
Montenegro,MNE,2007,5.196,20743,74137,21,19.4,Europe
Netherlands,NLD,2007,7.452,670090,2502648,8.4,4.15,Europe
Poland,POL,2007,5.886,978064,4047643,15.7,9.6,Europe
Romania,ROU,2007,5.394,689139,2420229,11.6,6.41,Europe
Serbia,SRB,2007,4.75,320905,1072782,18.7,18.06,Europe
Spain,ESP,2007,6.995,2201221,7598610,7.4,8.23,Europe
Sweden,SWE,2007,7.241,450620,1374236,14.5,6.16,Europe
Ukraine,UKR,2007,5.252,2494401,6133505,31.5,6.35,Europe
United Kingdom,GBR,2007,6.802,2839069,8841507,7.6,5.26,Europe
Armenia,ARM,2008,4.652,102407,358095,4.8,13.51,Europe
Austria,AUT,2008,7.181,309922,1257417,15.8,4.13,Europe
Azerbaijan,AZE,2008,4.817,242525,932203,4.7,5.86,Europe
Belarus,BLR,2008,5.463,481195,1292750,36.7,6.42,Europe
Belgium,BEL,2008,7.117,440554,1521685,20.3,6.98,Europe
Denmark,DNK,2008,7.971,225847,739851,13.1,3.68,Europe
Estonia,EST,2008,5.452,68816,174442,19.4,5.46,Europe
Finland,FIN,2008,7.671,277136,766825,20.6,6.37,Europe
France,FRA,2008,7.008,2940643,10172792,18.2,7.06,Europe
Georgia,GEO,2008,4.156,160145,466036,7.5,17.87,Europe
Germany,DEU,2008,6.522,3363403,12127986,12.5,7.53,Europe
Iceland,ISL,2008,6.888,9982,42939,14.8,2.95,Europe
Ireland,IRL,2008,7.568,206880,732533,12.2,6.77,Europe
Italy,ITA,2008,6.78,2610569,8759782,6.9,6.72,Europe
Latvia,LVA,2008,5.145,106084,288385,26.4,7.74,Europe
Lithuania,LTU,2008,5.554,163911,446868,37.8,5.83,Europe
Moldova,MDA,2008,5.503,153186,522863,19.1,3.98,Europe
Netherlands,NLD,2008,7.631,672986,2515427,9,3.65,Europe
Norway,NOR,2008,7.632,165914,726321,11.8,2.55,Europe
Portugal,PRT,2008,5.717,629772,2000326,13.1,7.55,Europe
Spain,ESP,2008,7.294,2305327,7833145,7.8,11.25,Europe
Sweden,SWE,2008,7.516,455658,1383633,15,6.24,Europe
Ukraine,UKR,2008,5.172,2450122,6079224,30.9,6.36,Europe
United Kingdom,GBR,2008,6.986,2849489,8931967,8.1,5.62,Europe
Albania,ALB,2009,5.485,77346,333535,8.1,13.67,Europe
Armenia,ARM,2009,4.178,102474,354743,4.8,18.44,Europe
Azerbaijan,AZE,2009,4.574,247164,936753,4.6,5.74,Europe
Belarus,BLR,2009,5.564,476776,1279520,36.5,6.1,Europe
Bosnia and Herzegovina,BIH,2009,4.963,129611,458651,10.7,24.07,Europe
Croatia,HRV,2009,5.433,170842,530086,18.3,9.2,Europe
Cyprus,CYP,2009,6.833,37106,167609,4.5,5.36,Europe
Denmark,DNK,2009,7.683,225972,743051,12.9,6.41,Europe
Estonia,EST,2009,5.138,67707,172619,23.3,13.55,Europe
France,FRA,2009,6.283,3002859,10196814,18.4,8.74,Europe
Georgia,GEO,2009,3.801,158731,458143,8.5,20.71,Europe
Germany,DEU,2009,6.641,3379353,12187695,12.8,7.74,Europe
Greece,GRC,2009,6.039,749751,1918193,3.6,9.62,Europe
Hungary,HUN,2009,4.895,362755,1176657,25.4,10.03,Europe
Ireland,IRL,2009,7.046,209557,749145,14,12.61,Europe
Italy,ITA,2009,6.334,2606653,8863924,7,7.75,Europe
Latvia,LVA,2009,4.669,104169,283296,26.3,17.52,Europe
Lithuania,LTU,2009,5.467,161953,440179,39.2,13.79,Europe
Luxembourg,LUX,2009,6.958,18579,70615,11.3,5.12,Europe
Malta,MLT,2009,6.328,14832,63927,6.9,6.89,Europe
Moldova,MDA,2009,5.554,152370,517582,19.7,6.4,Europe
Montenegro,MNE,2009,4.801,20807,73944,20.9,19.09,Europe
Poland,POL,2009,5.772,985902,4046304,19.2,8.17,Europe
Romania,ROU,2009,5.368,680981,2368207,12.2,6.86,Europe
Serbia,SRB,2009,4.38,315467,1054921,19.5,16.14,Europe
Slovenia,SVN,2009,5.83,85014,248277,22.5,5.86,Europe
Spain,ESP,2009,6.199,2398727,8030034,7.6,17.86,Europe
Sweden,SWE,2009,7.266,460541,1393442,15.7,8.35,Europe
Switzerland,CHE,2009,7.525,349272,1300252,16,4.12,Europe
Ukraine,UKR,2009,5.166,2411539,6031248,26.3,8.84,Europe
United Kingdom,GBR,2009,6.907,2864659,9023197,8,7.54,Europe
Albania,ALB,2010,5.269,77595,331726,7.8,14.09,Europe
Armenia,ARM,2010,4.368,102699,351914,6.8,19.01,Europe
Austria,AUT,2010,7.303,309753,1261495,16.1,4.82,Europe
Azerbaijan,AZE,2010,4.219,252226,943825,4.6,5.63,Europe
Belarus,BLR,2010,5.526,473805,1268478,35.9,6.11,Europe
Belgium,BEL,2010,6.854,458400,1556502,20.5,8.29,Europe
Bosnia and Herzegovina,BIH,2010,4.669,127045,449842,10.5,27.31,Europe
Bulgaria,BGR,2010,3.912,264261,872482,12.4,10.28,Europe
Croatia,HRV,2010,5.596,170299,528535,18.3,11.62,Europe
Cyprus,CYP,2010,6.387,37979,171119,5.3,6.26,Europe
Denmark,DNK,2010,7.771,226656,746576,11.8,7.75,Europe
Finland,FIN,2010,7.393,282176,782076,18.6,8.39,Europe
France,FRA,2010,6.798,3036532,10229855,18.2,8.87,Europe
Georgia,GEO,2010,4.102,157403,450962,8.3,20.2,Europe
Germany,DEU,2010,6.725,3382849,12205059,13.2,6.97,Europe
Greece,GRC,2010,5.84,747751,1912430,3.5,12.71,Europe
Hungary,HUN,2010,4.725,361338,1172406,25.5,11.17,Europe
Ireland,IRL,2010,7.257,211861,761148,11.9,14.53,Europe
Italy,ITA,2010,6.354,2614116,8939513,6.9,8.36,Europe
Lithuania,LTU,2010,5.066,160233,434151,37.2,17.81,Europe
Luxembourg,LUX,2010,7.097,18830,71840,12,4.36,Europe
Malta,MLT,2010,5.774,14923,64166,7.5,6.85,Europe
Moldova,MDA,2010,5.59,151886,512992,20.5,7.45,Europe
Montenegro,MNE,2010,5.455,20843,73859,20.3,19.65,Europe
Netherlands,NLD,2010,7.502,678444,2546995,9.8,4.99,Europe
Poland,POL,2010,5.887,989691,4044809,18.6,9.64,Europe
Portugal,PRT,2010,5.095,633285,2007196,13.6,10.77,Europe
Romania,ROU,2010,4.909,676721,2344516,13.2,6.96,Europe
Serbia,SRB,2010,4.461,313926,1049030,17.2,19.22,Europe
Slovakia,SVK,2010,6.052,183571,627909,13.6,14.38,Europe
Slovenia,SVN,2010,6.083,84682,248142,20.7,7.24,Europe
Spain,ESP,2010,6.188,2462794,8148678,6.9,19.86,Europe
Sweden,SWE,2010,7.496,464643,1403167,14.7,8.61,Europe
Ukraine,UKR,2010,5.058,2383623,5985894,24.5,8.1,Europe
United Kingdom,GBR,2010,7.029,2887210,9106137,7.8,7.79,Europe
Albania,ALB,2011,5.867,77919,330397,7.9,13.48,Europe
Armenia,ARM,2011,4.26,103074,349644,6.8,18.44,Europe
Austria,AUT,2011,7.471,311397,1265800,16.5,4.56,Europe
Azerbaijan,AZE,2011,4.68,258203,953355,4.5,5.42,Europe
Belarus,BLR,2011,5.225,471715,1258736,36.2,6.08,Europe
Belgium,BEL,2011,7.111,460773,1567435,21.1,7.14,Europe
Bosnia and Herzegovina,BIH,2011,4.995,125157,442335,10.6,27.58,Europe
Bulgaria,BGR,2011,3.875,261513,861461,11,11.26,Europe
Croatia,HRV,2011,5.385,169865,527112,16.4,13.68,Europe
Cyprus,CYP,2011,6.69,38958,174704,4.3,7.86,Europe
Denmark,DNK,2011,7.788,228063,750877,12.6,7.77,Europe
Estonia,EST,2011,5.487,66079,169815,18.2,12.33,Europe
Finland,FIN,2011,7.354,279887,782525,17.9,7.78,Europe
France,FRA,2011,6.959,3028282,10253844,18,8.81,Europe
Georgia,GEO,2011,4.203,156368,444197,8.7,19.63,Europe
Germany,DEU,2011,6.621,3385303,12196674,13.2,5.82,Europe
Greece,GRC,2011,5.372,732223,1892040,4.4,17.87,Europe
Hungary,HUN,2011,4.918,360910,1168798,25.1,11.03,Europe
Ireland,IRL,2011,7.007,213136,769442,12.5,15.35,Europe
Italy,ITA,2011,6.057,2627450,8989694,7.4,8.36,Europe
Latvia,LVA,2011,4.967,101285,274075,22.7,16.21,Europe
Lithuania,LTU,2011,5.432,158520,428049,38.1,15.39,Europe
Luxembourg,LUX,2011,7.101,19208,73319,11.9,4.9,Europe
Malta,MLT,2011,6.155,15070,64430,6.8,6.38,Europe
Moldova,MDA,2011,5.792,151677,509232,15.3,6.68,Europe
Montenegro,MNE,2011,5.223,20874,73776,20.9,19.67,Europe
Netherlands,NLD,2011,7.564,680215,2572915,10.1,4.98,Europe
Poland,POL,2011,5.646,993156,4042769,18,9.63,Europe
Portugal,PRT,2011,5.22,627501,2000672,12.3,12.68,Europe
Romania,ROU,2011,5.023,673094,2325756,12.1,7.18,Europe
Serbia,SRB,2011,4.815,313417,1046469,18,22.97,Europe
Slovakia,SVK,2011,5.945,183732,627318,12.9,13.62,Europe
Slovenia,SVN,2011,6.036,84488,248200,21.6,8.17,Europe
Spain,ESP,2011,6.518,2499652,8202343,7.1,21.39,Europe
Sweden,SWE,2011,7.382,467093,1412823,14.2,7.8,Europe
Ukraine,UKR,2011,5.083,2358760,5937490,23,7.85,Europe
United Kingdom,GBR,2011,6.869,2930147,9197295,8.3,8.04,Europe
Albania,ALB,2012,5.51,78172,328819,5.2,13.38,Europe
Armenia,ARM,2012,4.32,103554,347813,7.4,17.3,Europe
Austria,AUT,2012,7.401,314112,1272589,16.3,4.87,Europe
Azerbaijan,AZE,2012,4.911,264511,963442,4.4,5.19,Europe
Belarus,BLR,2012,5.749,470176,1250161,29.9,6.06,Europe
Belgium,BEL,2012,6.935,461686,1576718,20.8,7.54,Europe
Bosnia and Herzegovina,BIH,2012,4.773,123467,435671,10.4,28.01,Europe
Bulgaria,BGR,2012,4.222,258844,851552,12.5,12.27,Europe
Croatia,HRV,2012,6.028,169422,525821,18.4,15.94,Europe
Cyprus,CYP,2012,6.181,40024,178314,5.4,11.8,Europe
Denmark,DNK,2012,7.52,229499,755198,12.8,7.8,Europe
Estonia,EST,2012,5.364,65226,168435,21.1,10.02,Europe
Finland,FIN,2012,7.42,274071,780155,17,7.69,Europe
France,FRA,2012,6.649,2989580,10252537,17.8,9.4,Europe
Georgia,GEO,2012,4.254,155442,438235,9.2,19.65,Europe
Germany,DEU,2012,6.702,3401216,12227256,12.9,5.38,Europe
Greece,GRC,2012,5.096,699280,1852721,4.8,24.44,Europe
Hungary,HUN,2012,4.683,360811,1165155,24.8,11,Europe
Iceland,ISL,2012,7.591,10241,43789,13.5,6,Europe
Ireland,IRL,2012,6.965,212917,775662,12.4,15.45,Europe
Italy,ITA,2012,5.839,2636535,9028362,7.6,10.66,Europe
Latvia,LVA,2012,5.125,100025,269942,23.5,15.05,Europe
Lithuania,LTU,2012,5.771,156607,421879,35,13.37,Europe
Luxembourg,LUX,2012,6.964,19670,75087,11.3,5.14,Europe
Malta,MLT,2012,5.963,15238,64706,6,6.2,Europe
Moldova,MDA,2012,5.996,151615,505884,17,5.58,Europe
Montenegro,MNE,2012,5.219,20894,73663,21,19.97,Europe
Netherlands,NLD,2012,7.471,680670,2609573,10.7,5.82,Europe
Norway,NOR,2012,7.678,173824,762505,11.4,3.12,Europe
Poland,POL,2012,5.876,995350,4038401,18.5,10.09,Europe
Portugal,PRT,2012,4.994,612627,1984299,13.5,15.53,Europe
Romania,ROU,2012,5.167,669499,2310595,12.6,6.79,Europe
Serbia,SRB,2012,5.155,313014,1045201,18.2,24,Europe
Slovakia,SVK,2012,5.911,183488,626241,12.6,13.96,Europe
Slovenia,SVN,2012,6.063,84256,248152,22,8.84,Europe
Spain,ESP,2012,6.291,2526891,8227807,7.7,24.79,Europe
Sweden,SWE,2012,7.56,468150,1422741,15,7.98,Europe
Switzerland,CHE,2012,7.776,366561,1347176,14.7,4.49,Europe
Ukraine,UKR,2012,5.03,2328527,5886520,23.1,7.53,Europe
United Kingdom,GBR,2012,6.881,2994047,9308653,8.2,7.89,Europe
Albania,ALB,2013,4.551,78237,326273,5.3,15.87,Europe
Armenia,ARM,2013,4.277,104072,346538,6.4,16.18,Europe
Austria,AUT,2013,7.499,317487,1282157,16.2,5.34,Europe
Azerbaijan,AZE,2013,5.481,270830,973973,4.3,4.97,Europe
Belarus,BLR,2013,5.876,468876,1243009,27.9,6.05,Europe
Belgium,BEL,2013,7.104,461668,1584882,19.5,8.43,Europe
Bosnia and Herzegovina,BIH,2013,5.124,121832,428955,10.6,27.49,Europe
Bulgaria,BGR,2013,3.993,256695,843355,10.5,12.94,Europe
Croatia,HRV,2013,5.885,169002,524783,16.5,17.25,Europe
Cyprus,CYP,2013,5.439,41110,181911,5.7,15.87,Europe
Denmark,DNK,2013,7.589,231158,759925,12.1,7.38,Europe
Estonia,EST,2013,5.367,64478,167254,18.9,8.63,Europe
Finland,FIN,2013,7.445,266932,776688,17.2,8.19,Europe
France,FRA,2013,6.667,2938381,10244898,17,9.92,Europe
Georgia,GEO,2013,4.349,154654,432961,9.8,19.42,Europe
Germany,DEU,2013,6.965,3422284,12275653,13.4,5.23,Europe
Greece,GRC,2013,4.72,660305,1807389,5,27.47,Europe
Hungary,HUN,2013,4.914,361197,1161925,22.1,10.18,Europe
Iceland,ISL,2013,7.501,10358,44107,13.9,5.38,Europe
Ireland,IRL,2013,6.76,212189,780901,11.4,13.74,Europe
Italy,ITA,2013,6.009,2642813,9055645,7.5,12.15,Europe
Latvia,LVA,2013,5.07,98845,266256,20.6,11.87,Europe
Lithuania,LTU,2013,5.596,154544,415800,40.5,11.77,Europe
Luxembourg,LUX,2013,7.131,20139,76868,11.3,5.85,Europe
Malta,MLT,2013,6.38,15417,65002,6.8,6.11,Europe
Moldova,MDA,2013,5.756,151494,502784,17,5.1,Europe
Montenegro,MNE,2013,5.074,20909,73539,20.4,19.5,Europe
Netherlands,NLD,2013,7.407,681273,2650307,11.8,7.24,Europe
Poland,POL,2013,5.746,997146,4034127,18.2,10.33,Europe
Portugal,PRT,2013,5.158,594262,1963488,12.5,16.18,Europe
Romania,ROU,2013,5.082,666311,2298636,12.2,7.1,Europe
Serbia,SRB,2013,5.102,311931,1040833,17.9,22.15,Europe
Slovakia,SVK,2013,5.937,183208,625244,12.3,14.22,Europe
Slovenia,SVN,2013,5.975,84058,248110,22.2,10.1,Europe
Spain,ESP,2013,6.15,2544188,8227322,8.5,26.09,Europe
Sweden,SWE,2013,7.434,468579,1433200,15.9,8.05,Europe
Ukraine,UKR,2013,4.711,2297742,5836432,22.6,7.17,Europe
United Kingdom,GBR,2013,6.918,3063389,9423926,8.8,7.52,Europe
Albania,ALB,2014,4.814,78204,323627,5,18.06,Europe
Armenia,ARM,2014,4.453,104449,345448,6.3,17.5,Europe
Austria,AUT,2014,6.95,321009,1293344,16.5,5.62,Europe
Azerbaijan,AZE,2014,5.252,277050,985588,4.2,4.91,Europe
Belarus,BLR,2014,5.812,467704,1237451,26.3,5.97,Europe
Belgium,BEL,2014,6.855,461599,1592534,19.4,8.52,Europe
Bosnia and Herzegovina,BIH,2014,5.249,120277,422059,10.6,27.52,Europe
Bulgaria,BGR,2014,4.438,254988,836411,10.4,11.42,Europe
Croatia,HRV,2014,5.381,168628,523885,17.3,17.29,Europe
Cyprus,CYP,2014,5.627,42131,185351,5.4,16.09,Europe
Denmark,DNK,2014,7.508,232811,765031,12,6.93,Europe
Estonia,EST,2014,5.556,63848,166372,19.5,7.35,Europe
Finland,FIN,2014,7.385,261018,774137,15.4,8.66,Europe
France,FRA,2014,6.467,2897133,10245286,15.6,10.29,Europe
Georgia,GEO,2014,4.288,153779,428254,10.3,17.44,Europe
Germany,DEU,2014,6.984,3451034,12344411,13.4,4.98,Europe
Greece,GRC,2014,4.756,627369,1768330,5.3,26.49,Europe
Hungary,HUN,2014,5.181,361775,1158766,20.4,7.73,Europe
Ireland,IRL,2014,7.018,211801,785830,11,11.86,Europe
Italy,ITA,2014,6.027,2646580,9071709,7.2,12.68,Europe
Latvia,LVA,2014,5.729,97728,262808,20.7,10.85,Europe
Lithuania,LTU,2014,6.126,152636,410125,35.6,10.7,Europe
Luxembourg,LUX,2014,6.891,20621,78653,12.7,5.85,Europe
Malta,MLT,2014,6.452,15581,65257,7.1,5.73,Europe
Moldova,MDA,2014,5.917,151393,499754,17.2,3.86,Europe
Montenegro,MNE,2014,5.283,20942,73428,20.6,18,Europe
Netherlands,NLD,2014,7.321,682771,2685865,11.6,7.42,Europe
Norway,NOR,2014,7.444,180420,782757,11.6,3.48,Europe
Poland,POL,2014,5.75,998999,4029785,17.4,8.99,Europe
Portugal,PRT,2014,5.127,578678,1945983,14.2,13.89,Europe
Romania,ROU,2014,5.727,662942,2284026,11.3,6.8,Europe
Serbia,SRB,2014,5.113,310662,1035732,17,19.22,Europe
Slovakia,SVK,2014,6.139,183085,624637,12.9,13.18,Europe
Slovenia,SVN,2014,5.678,83999,248229,19.6,9.67,Europe
Spain,ESP,2014,6.456,2556546,8217710,8.6,24.44,Europe
Sweden,SWE,2014,7.239,469151,1444019,14.8,7.95,Europe
Switzerland,CHE,2014,7.493,372068,1372031,14.7,4.83,Europe
Ukraine,UKR,2014,4.297,2272529,5792709,24.4,9.27,Europe
United Kingdom,GBR,2014,6.758,3123630,9527472,8.6,6.11,Europe
Albania,ALB,2015,4.607,78435,322285,4.8,17.19,Europe
Armenia,ARM,2015,4.348,104628,344435,6.2,18.26,Europe
Austria,AUT,2015,7.076,324348,1305547,16,5.72,Europe
Azerbaijan,AZE,2015,5.147,282446,996792,4.1,4.96,Europe
Belarus,BLR,2015,5.719,466805,1232803,24.3,5.91,Europe
Belgium,BEL,2015,6.904,462161,1599908,18.6,8.48,Europe
Bosnia and Herzegovina,BIH,2015,5.117,118977,415557,10.7,27.69,Europe
Bulgaria,BGR,2015,4.865,253327,829660,9.8,9.14,Europe
Croatia,HRV,2015,5.205,168390,522660,17.6,16.18,Europe
Cyprus,CYP,2015,5.439,43049,188593,4.7,14.91,Europe
Denmark,DNK,2015,7.514,234440,770072,10.9,6.28,Europe
Estonia,EST,2015,5.629,63530,165887,15.9,6.19,Europe
Finland,FIN,2015,7.448,258659,773927,14,9.38,Europe
France,FRA,2015,6.358,2886474,10271251,15.8,10.35,Europe
Georgia,GEO,2015,4.122,152882,423932,10.5,16.51,Europe
Germany,DEU,2015,7.037,3479876,12419384,13.3,4.62,Europe
Greece,GRC,2015,5.623,610862,1744422,5,24.9,Europe
Hungary,HUN,2015,5.344,362115,1155195,19.9,6.81,Europe
Iceland,ISL,2015,7.498,10673,45194,14.3,3.98,Europe
Ireland,IRL,2015,6.83,212502,790936,9.3,9.91,Europe
Italy,ITA,2015,5.848,2649872,9076941,7.1,11.9,Europe
Latvia,LVA,2015,5.881,96724,259644,21.6,9.87,Europe
Lithuania,LTU,2015,5.711,150929,404912,34.9,9.12,Europe
Luxembourg,LUX,2015,6.702,21151,80541,12.2,6.67,Europe
Malta,MLT,2015,6.613,15702,65447,7.2,5.38,Europe
Moldova,MDA,2015,6.017,151203,496656,16.2,3.69,Europe
Montenegro,MNE,2015,5.125,20965,73319,20.7,17.54,Europe
Netherlands,NLD,2015,7.324,685726,2708020,11.8,6.87,Europe
Norway,NOR,2015,7.603,183744,792517,12.5,4.3,Europe
Poland,POL,2015,6.007,1000648,4025690,15.9,7.5,Europe
Portugal,PRT,2015,5.081,572563,1937563,13.2,12.44,Europe
Romania,ROU,2015,5.777,658487,2264154,11.5,6.81,Europe
Serbia,SRB,2015,5.318,310176,1032898,16.4,17.66,Europe
Slovakia,SVK,2015,6.162,183089,624297,12.4,11.48,Europe
Slovenia,SVN,2015,5.741,84086,248460,21,8.96,Europe
Spain,ESP,2015,6.381,2565141,8202451,7.9,22.06,Europe
Sweden,SWE,2015,7.289,471157,1456010,15.7,7.43,Europe
Switzerland,CHE,2015,7.572,375558,1384852,15,4.8,Europe
Ukraine,UKR,2015,3.965,2254467,5754513,21.6,9.14,Europe
United Kingdom,GBR,2015,6.515,3159568,9602895,8.8,5.3,Europe
Albania,ALB,2016,4.511,78655,320916,4.7,15.42,Europe
Armenia,ARM,2016,4.325,104663,343371,5.7,17.62,Europe
Austria,AUT,2016,7.048,327142,1317654,15.5,6.01,Europe
Azerbaijan,AZE,2016,5.304,287008,1007419,4,5,Europe
Belarus,BLR,2016,5.178,466629,1229402,24.2,5.84,Europe
Belgium,BEL,2016,6.949,463482,1606964,19.3,7.83,Europe
Bosnia and Herzegovina,BIH,2016,5.181,117897,409267,10.5,25.41,Europe
Bulgaria,BGR,2016,4.838,252632,823947,9.7,7.58,Europe
Croatia,HRV,2016,5.417,168833,522169,16.4,13.1,Europe
Cyprus,CYP,2016,5.795,43773,191343,4.6,12.95,Europe
Denmark,DNK,2016,7.558,235177,774315,10.9,5.99,Europe
Estonia,EST,2016,5.65,63418,165567,15.7,6.76,Europe
Finland,FIN,2016,7.66,255964,772240,15.2,8.82,Europe
France,FRA,2016,6.475,2903648,10315682,14.9,10.04,Europe
Georgia,GEO,2016,4.448,151714,419641,10.7,16.6,Europe
Germany,DEU,2016,6.874,3498720,12486844,13,4.12,Europe
Greece,GRC,2016,5.303,611233,1736839,4.7,23.54,Europe
Hungary,HUN,2016,5.449,363225,1151797,18.7,5.12,Europe
Iceland,ISL,2016,7.51,10831,45800,13,2.98,Europe
Ireland,IRL,2016,7.041,219226,799798,10,8.37,Europe
Italy,ITA,2016,5.955,2650684,9067763,6.6,11.69,Europe
Latvia,LVA,2016,5.94,95980,256852,21.3,9.64,Europe
Lithuania,LTU,2016,5.866,149474,399549,32.8,7.86,Europe
Luxembourg,LUX,2016,6.967,21695,82434,10.2,6.29,Europe
Malta,MLT,2016,6.591,15763,65472,5.8,4.69,Europe
Moldova,MDA,2016,5.578,151299,493553,15.9,4.19,Europe
Montenegro,MNE,2016,5.304,21047,73239,20.8,17.72,Europe
Netherlands,NLD,2016,7.541,695536,2709996,11.9,6.01,Europe
Norway,NOR,2016,7.596,188876,802927,12.6,4.68,Europe
Poland,POL,2016,6.162,1002246,4017745,13.8,6.16,Europe
Portugal,PRT,2016,5.447,583036,1947797,11.4,11.07,Europe
Romania,ROU,2016,5.969,655044,2242864,10.2,5.9,Europe
Serbia,SRB,2016,5.753,310645,1030386,15.2,15.26,Europe
Slovakia,SVK,2016,5.993,183453,623839,12.3,9.67,Europe
Slovenia,SVN,2016,5.937,84591,248829,19,8,Europe
Spain,ESP,2016,6.319,2578686,8189786,7.8,19.64,Europe
Sweden,SWE,2016,7.369,474222,1467814,14.6,6.99,Europe
Switzerland,CHE,2016,7.459,379998,1397082,14.1,4.92,Europe
Ukraine,UKR,2016,4.029,2244673,5723597,21.4,9.35,Europe
United Kingdom,GBR,2016,6.824,3151307,9616672,8.5,4.81,Europe
Albania,ALB,2017,4.64,78768,318721,4.7,13.62,Europe
Armenia,ARM,2017,4.288,104585,342486,3,17.71,Europe
Austria,AUT,2017,7.294,329455,1327473,15.4,5.5,Europe
Azerbaijan,AZE,2017,5.152,291489,1018348,4,5,Europe
Belarus,BLR,2017,5.553,465936,1226154,23.3,5.65,Europe
Belgium,BEL,2017,6.928,464838,1613522,18.9,7.09,Europe
Bosnia and Herzegovina,BIH,2017,5.09,116949,403417,10.5,20.53,Europe
Bulgaria,BGR,2017,5.097,251977,818325,10.3,6.16,Europe
Croatia,HRV,2017,5.343,169427,521479,15.7,11.21,Europe
Cyprus,CYP,2017,6.062,44488,193995,3.7,11.05,Europe
Denmark,DNK,2017,7.594,235941,778076,11.3,5.83,Europe
Estonia,EST,2017,5.938,63380,165276,18.7,5.76,Europe
Finland,FIN,2017,7.788,253519,770503,15.9,8.64,Europe
France,FRA,2017,6.635,2921822,10359040,14.6,9.41,Europe
Georgia,GEO,2017,4.451,150501,415516,9.6,13.94,Europe
Germany,DEU,2017,7.074,3512113,12560603,12.6,3.75,Europe
Greece,GRC,2017,5.148,617179,1735557,5.1,21.49,Europe
Hungary,HUN,2017,6.065,363917,1148180,17.5,4.16,Europe
Iceland,ISL,2017,7.476,10988,46397,12.2,2.74,Europe
Ireland,IRL,2017,7.06,225959,808330,10,6.71,Europe
Italy,ITA,2017,6.199,2652010,9056491,7.1,11.21,Europe
Latvia,LVA,2017,5.978,95283,254183,21.4,8.72,Europe
Lithuania,LTU,2017,6.273,148143,394546,29.7,7.07,Europe
Luxembourg,LUX,2017,7.061,22286,84444,9.8,5.52,Europe
Malta,MLT,2017,6.676,15823,65476,5.5,4,Europe
Moldova,MDA,2017,5.326,151517,490867,14.9,4.1,Europe
Montenegro,MNE,2017,5.615,21138,73174,21.1,16.07,Europe
Netherlands,NLD,2017,7.459,704663,2710051,12.1,4.84,Europe
Norway,NOR,2017,7.579,193402,812386,12.1,4.16,Europe
Poland,POL,2017,6.201,1004953,4010522,13.3,4.89,Europe
Portugal,PRT,2017,5.711,594562,1959440,12,8.87,Europe
Romania,ROU,2017,6.09,652444,2225513,10.1,4.93,Europe
Serbia,SRB,2017,5.122,311124,1027383,0.6,13.48,Europe
Slovakia,SVK,2017,6.366,183944,623404,12.3,8.13,Europe
Slovenia,SVN,2017,6.167,85092,249155,20.9,6.56,Europe
Spain,ESP,2017,6.23,2594129,8177851,8.2,17.22,Europe
Sweden,SWE,2017,7.287,477248,1479004,15,6.72,Europe
Switzerland,CHE,2017,7.474,384381,1408994,14.6,4.8,Europe
Ukraine,UKR,2017,4.311,2236189,5694252,20.6,9.51,Europe
United Kingdom,GBR,2017,7.103,3140877,9626858,8.2,4.33,Europe
Albania,ALB,2018,5.004,78984,317090,4.5,12.3,Europe
Armenia,ARM,2018,5.062,104864,342075,2.1,18.97,Europe
Austria,AUT,2018,7.396,331896,1335927,15.7,4.85,Europe
Azerbaijan,AZE,2018,5.168,297333,1031270,4,4.9,Europe
Belarus,BLR,2018,5.234,462493,1220689,22.8,4.76,Europe
Belgium,BEL,2018,6.892,466910,1619003,18.7,5.95,Europe
Bosnia and Herzegovina,BIH,2018,5.887,116437,398335,10.8,18.4,Europe
Bulgaria,BGR,2018,5.099,250512,812529,9.7,5.21,Europe
Croatia,HRV,2018,5.536,169288,520224,16.4,8.43,Europe
Cyprus,CYP,2018,6.276,45683,197159,4.2,8.37,Europe
Denmark,DNK,2018,7.649,237828,782866,11.4,5.13,Europe
Estonia,EST,2018,6.091,63467,165281,15.3,5.37,Europe
Finland,FIN,2018,7.858,256472,774343,16.2,7.36,Europe
France,FRA,2018,6.666,2936647,10396567,14.2,9.02,Europe
Georgia,GEO,2018,4.659,149707,411815,9.4,12.67,Europe
Germany,DEU,2018,7.118,3510876,12603399,12.9,3.38,Europe
Greece,GRC,2018,5.409,627655,1737318,5.1,19.29,Europe
Hungary,HUN,2018,5.936,362730,1143727,17.7,3.71,Europe
Ireland,IRL,2018,6.962,227602,810806,9.9,5.74,Europe
Italy,ITA,2018,6.517,2664098,9056173,6.7,10.61,Europe
Latvia,LVA,2018,5.901,94767,251885,18.1,7.41,Europe
Lithuania,LTU,2018,6.309,146808,390030,27.4,6.15,Europe
Luxembourg,LUX,2018,7.243,22854,86507,10.6,5.59,Europe
Malta,MLT,2018,6.91,16044,65729,6,3.66,Europe
Moldova,MDA,2018,5.682,151164,488222,14.4,4.11,Europe
Montenegro,MNE,2018,5.65,21185,73121,21.2,15.18,Europe
Netherlands,NLD,2018,7.463,709075,2720074,11.4,3.83,Europe
Norway,NOR,2018,7.444,195097,818913,12,3.8,Europe
Poland,POL,2018,6.111,1032710,4031840,12.7,3.85,Europe
Portugal,PRT,2018,5.92,597098,1960612,11.7,6.99,Europe
Romania,ROU,2018,6.151,649991,2210750,10.2,4.19,Europe
Serbia,SRB,2018,5.936,310335,1022803,11.3,12.73,Europe
Slovakia,SVK,2018,6.235,184537,623593,12.2,6.54,Europe
Slovenia,SVN,2018,6.249,85156,249412,17.8,5.11,Europe
Spain,ESP,2018,6.513,2608760,8089435,7.8,15.26,Europe
Sweden,SWE,2018,7.375,479878,1492239,14.9,6.37,Europe
Switzerland,CHE,2018,7.509,387994,1421469,14.5,4.71,Europe
Ukraine,UKR,2018,4.662,2224310,5662736,21.9,8.8,Europe
United Kingdom,GBR,2018,7.233,3157062,9674260,8.1,4,Europe
Albania,ALB,2019,4.995,79363,316139,4.3,11.47,Europe
Armenia,ARM,2019,5.488,105444,342130,3.3,18.81,Europe
Austria,AUT,2019,7.195,334514,1344131,14.6,4.49,Europe
Azerbaijan,AZE,2019,5.173,304935,1046156,4.1,4.84,Europe
Belarus,BLR,2019,5.821,456449,1213285,21.2,4.71,Europe
Belgium,BEL,2019,6.772,469480,1623114,18.3,5.36,Europe
Bosnia and Herzegovina,BIH,2019,6.016,116461,393992,10.9,15.69,Europe
Bulgaria,BGR,2019,5.108,248876,806533,9.7,4.23,Europe
Croatia,HRV,2019,5.626,168656,518613,16.4,6.62,Europe
Cyprus,CYP,2019,6.137,47436,200773,3.6,7.07,Europe
Denmark,DNK,2019,7.693,240588,788590,10.7,5.02,Europe
Estonia,EST,2019,6.035,63705,165474,14.9,4.45,Europe
Finland,FIN,2019,7.78,261800,780382,15.3,6.7,Europe
France,FRA,2019,6.69,2950518,10431111,13.8,8.44,Europe
Georgia,GEO,2019,4.892,149260,408722,9.2,11.57,Europe
Germany,DEU,2019,7.035,3492814,12609726,12.3,3.14,Europe
Greece,GRC,2019,5.952,643258,1742480,5.1,17.31,Europe
Hungary,HUN,2019,6,360365,1138329,16.6,3.42,Europe
Iceland,ISL,2019,7.533,11377,47521,11.9,3.51,Europe
Ireland,IRL,2019,7.255,228118,809124,9.6,4.95,Europe
Italy,ITA,2019,6.445,2687097,9065825,6.7,9.95,Europe
Latvia,LVA,2019,5.97,94417,249853,20.1,6.31,Europe
Lithuania,LTU,2019,6.064,145335,385738,26.1,6.26,Europe
Luxembourg,LUX,2019,7.404,23443,88575,11.3,5.6,Europe
Malta,MLT,2019,6.733,16423,66170,6.1,3.4,Europe
Moldova,MDA,2019,5.803,150412,485490,14.7,5.1,Europe
Montenegro,MNE,2019,5.386,21190,73066,21,15.12,Europe
Netherlands,NLD,2019,7.425,713508,2732687,11.8,3.38,Europe
Norway,NOR,2019,7.442,195502,823389,11.8,3.69,Europe
Poland,POL,2019,6.242,1090061,4082487,11.3,3.28,Europe
Portugal,PRT,2019,6.095,598389,1960225,11.5,6.46,Europe
Romania,ROU,2019,6.13,647909,2197435,9.7,3.91,Europe
Serbia,SRB,2019,6.241,309003,1017420,11.4,10.4,Europe
Slovakia,SVK,2019,6.243,185321,624456,12.1,5.75,Europe
Slovenia,SVN,2019,6.665,84967,249578,19.8,4.45,Europe
Spain,ESP,2019,6.457,2629831,7921378,7.7,14.1,Europe
Sweden,SWE,2019,7.398,482156,1507628,14.7,6.83,Europe
Switzerland,CHE,2019,7.694,391056,1434124,14.5,4.39,Europe
Ukraine,UKR,2019,4.702,2211421,5629417,21.6,8.19,Europe
United Kingdom,GBR,2019,7.157,3177565,9722512,7.9,3.74,Europe
Canada,CAN,2005,7.418,1147295,4158435,12.2,6.76,North America
Mexico,MEX,2005,6.581,3142074,11974597,4.1,3.56,North America
Costa Rica,CRI,2006,7.082,131886,522795,8.4,5.74,North America
Cuba,CUB,2006,5.418,528967,1769731,12.7,1.91,North America
Dominican Republic,DOM,2006,5.088,338529,1338995,4.7,5.66,North America
El Salvador,SLV,2006,5.701,186737,731835,6.6,6.57,North America
Guatemala,GTM,2006,5.901,414101,1557435,10.7,3.02,North America
Haiti,HTI,2006,3.754,294537,1348010,9.6,15.54,North America
Honduras,HND,2006,5.397,175914,819909,2.2,3.58,North America
Jamaica,JAM,2006,6.208,78660,367761,1.5,10.33,North America
Nicaragua,NIC,2006,4.46,156188,659606,4.6,5.31,North America
Panama,PAN,2006,6.128,92543,370703,5.7,3.61,North America
Trinidad and Tobago,TTO,2006,5.832,54910,191803,11.3,4.03,North America
Belize,BLZ,2007,6.451,8558,40107,5.2,8.51,North America
Canada,CAN,2007,7.482,1149577,4335706,11.5,6.04,North America
Costa Rica,CRI,2007,7.432,134713,530121,5.7,4.49,North America
Dominican Republic,DOM,2007,5.081,343396,1357857,4.8,5.16,North America
El Salvador,SLV,2007,5.296,188478,737712,7.9,6.41,North America
Guatemala,GTM,2007,6.33,425215,1606376,8.3,3.03,North America
Honduras,HND,2007,5.097,182334,845299,2.1,3.21,North America
Mexico,MEX,2007,6.525,3382712,12480226,4.1,3.63,North America
Nicaragua,NIC,2007,4.944,159265,670827,4.9,4.89,North America
Panama,PAN,2007,6.894,94446,377949,4.9,3.52,North America
Canada,CAN,2008,7.486,1150607,4465233,11.5,6.14,North America
Costa Rica,CRI,2008,6.851,137527,537244,5.5,4.78,North America
Dominican Republic,DOM,2008,4.842,348130,1376391,4.8,4.76,North America
El Salvador,SLV,2008,5.191,190322,743597,6.8,5.88,North America
Guatemala,GTM,2008,6.414,435035,1654019,8,3.08,North America
Haiti,HTI,2008,3.846,308846,1418023,10.1,16.06,North America
Honduras,HND,2008,5.42,188930,871252,2.1,3.16,North America
Mexico,MEX,2008,6.829,3533233,12753082,4.4,3.87,North America
Nicaragua,NIC,2008,5.104,162184,681864,5.1,6.2,North America
Panama,PAN,2008,6.931,96366,385299,5.4,3.48,North America
Trinidad and Tobago,TTO,2008,6.696,55396,192479,13.7,4.22,North America
Canada,CAN,2009,7.488,1154248,4583894,12,8.34,North America
Costa Rica,CRI,2009,7.615,140250,544010,5.6,7.71,North America
Dominican Republic,DOM,2009,5.432,352963,1394868,4.9,5.47,North America
El Salvador,SLV,2009,6.839,192337,749403,8.6,7.33,North America
Guatemala,GTM,2009,6.452,444923,1701520,7.9,3.36,North America
Honduras,HND,2009,6.033,195585,897379,2,3.29,North America
Mexico,MEX,2009,6.963,3678399,13012027,4.6,5.36,North America
Nicaragua,NIC,2009,5.353,165012,692834,5,8.16,North America
Panama,PAN,2009,7.034,98338,392726,4.8,3.68,North America
Canada,CAN,2010,7.65,1162045,4661462,12.1,8.06,North America
Costa Rica,CRI,2010,7.271,142895,550338,6.9,7.17,North America
Dominican Republic,DOM,2010,4.735,358154,1412959,4.7,5.21,North America
El Salvador,SLV,2010,6.74,194570,755027,6.1,4.89,North America
Guatemala,GTM,2010,6.29,455762,1749339,7.3,3.5,North America
Haiti,HTI,2010,3.766,320816,1474766,10.9,15.34,North America
Honduras,HND,2010,5.866,202454,923838,2,4.12,North America
Mexico,MEX,2010,6.802,3799031,13238432,4.5,5.3,North America
Nicaragua,NIC,2010,5.687,168127,704368,4.8,7.83,North America
Panama,PAN,2010,7.321,100435,400208,4.2,3.71,North America
Canada,CAN,2011,7.426,1175728,4711641,11.3,7.51,North America
Costa Rica,CRI,2011,7.229,145473,556618,6.9,10.14,North America
Dominican Republic,DOM,2011,5.397,363304,1430726,4.9,6.09,North America
El Salvador,SLV,2011,4.741,196750,760269,8,4.3,North America
Guatemala,GTM,2011,5.743,466504,1797226,6.6,3.12,North America
Haiti,HTI,2011,4.845,325862,1495055,10.1,14.7,North America
Honduras,HND,2011,4.961,209536,950340,1.9,4.48,North America
Jamaica,JAM,2011,5.374,81254,378286,2.2,12.7,North America
Mexico,MEX,2011,6.91,3902003,13426656,5.2,5.17,North America
Nicaragua,NIC,2011,5.386,171622,716198,5.5,6.45,North America
Panama,PAN,2011,7.248,102672,408016,3.8,2.31,North America
Trinidad and Tobago,TTO,2011,6.519,56378,194003,9.9,3.43,North America
Canada,CAN,2012,7.415,1193428,4763396,11.8,7.29,North America
Costa Rica,CRI,2012,7.272,148085,563188,6.6,9.78,North America
Dominican Republic,DOM,2012,4.753,367951,1447993,5.2,6.72,North America
El Salvador,SLV,2012,5.934,198982,765191,6.8,3.84,North America
Guatemala,GTM,2012,5.856,476029,1843846,6.1,2.77,North America
Haiti,HTI,2012,4.413,334668,1532357,10,14.1,North America
Honduras,HND,2012,4.602,216559,976681,3.3,3.75,North America
Mexico,MEX,2012,7.32,4004220,13590604,4.9,4.89,North America
Nicaragua,NIC,2012,5.448,175006,728272,4.4,5.21,North America
Panama,PAN,2012,6.86,104920,415868,3.6,2.39,North America
Canada,CAN,2013,7.594,1211603,4814767,12.1,7.07,North America
Costa Rica,CRI,2013,7.158,150718,569810,6.7,8.77,North America
Dominican Republic,DOM,2013,5.016,372082,1464372,5.5,7.35,North America
El Salvador,SLV,2013,6.325,201013,769543,6.4,3.69,North America
Guatemala,GTM,2013,5.985,485816,1890812,5.9,3.02,North America
Haiti,HTI,2013,4.622,343718,1570547,9.9,14.12,North America
Honduras,HND,2013,4.713,223546,1003138,3.2,5.65,North America
Jamaica,JAM,2013,5.709,84205,383484,2,15.25,North America
Mexico,MEX,2013,7.443,4101563,13739986,5.2,4.91,North America
Nicaragua,NIC,2013,5.772,178439,740326,5.3,5.28,North America
Panama,PAN,2013,6.866,107178,423899,3.4,2.3,North America
Trinidad and Tobago,TTO,2013,6.168,57492,196048,10.9,2.68,North America
Belize,BLZ,2014,5.956,10945,50351,6,8.24,North America
Canada,CAN,2014,7.304,1228891,4863541,12.7,6.91,North America
Costa Rica,CRI,2014,7.247,153318,576243,5.6,9.06,North America
Dominican Republic,DOM,2014,5.387,376353,1480788,6.1,6.72,North America
El Salvador,SLV,2014,5.857,203187,773810,5.8,4.15,North America
Guatemala,GTM,2014,6.536,497109,1938412,5.8,2.72,North America
Haiti,HTI,2014,3.889,353058,1609852,10,14.02,North America
Honduras,HND,2014,5.056,230593,1029351,3.4,7.08,North America
Jamaica,JAM,2014,5.311,85624,385867,2.2,13.74,North America
Mexico,MEX,2014,6.68,4191434,13891082,5.7,4.81,North America
Nicaragua,NIC,2014,6.275,181778,752239,4.5,4.52,North America
Panama,PAN,2014,6.631,109513,431900,4.1,2.72,North America
Canada,CAN,2015,7.413,1240746,4905291,13,6.91,North America
Costa Rica,CRI,2015,6.854,155850,582172,6.7,9,North America
Dominican Republic,DOM,2015,5.062,381693,1497722,6.4,7.61,North America
El Salvador,SLV,2015,6.018,205455,777878,6.9,4,North America
Guatemala,GTM,2015,6.465,511212,1987777,5.8,2.51,North America
Haiti,HTI,2015,3.57,362419,1647985,10,13.95,North America
Honduras,HND,2015,4.845,237901,1055570,4,6.15,North America
Mexico,MEX,2015,6.236,4271748,14054387,5.6,4.31,North America
Nicaragua,NIC,2015,5.924,185428,764409,4.2,4.7,North America
Panama,PAN,2015,6.606,112100,440937,2.9,3,North America
Canada,CAN,2016,7.245,1247725,4941197,11.9,7,North America
Costa Rica,CRI,2016,7.136,158297,587992,7.7,8.6,North America
Dominican Republic,DOM,2016,5.239,387710,1514797,6.4,7.28,North America
El Salvador,SLV,2016,6.14,208121,782200,5.7,4.42,North America
Guatemala,GTM,2016,6.359,528803,2041004,5.7,2.58,North America
Haiti,HTI,2016,3.352,372486,1686417,9.8,13.86,North America
Honduras,HND,2016,5.648,245341,1082108,2,6.73,North America
Mexico,MEX,2016,6.824,4343889,14242162,5.6,3.86,North America
Nicaragua,NIC,2016,6.013,189305,777203,4.4,3.9,North America
Panama,PAN,2016,6.118,115271,452481,3.3,3.32,North America
Canada,CAN,2017,7.415,1255399,4977891,13,6.34,North America
Costa Rica,CRI,2017,7.225,160605,593211,6.1,8.14,North America
Dominican Republic,DOM,2017,5.605,393884,1531482,5.7,5.83,North America
El Salvador,SLV,2017,6.339,210794,786777,6.1,4.39,North America
Guatemala,GTM,2017,6.325,546807,2093662,5.6,2.46,North America
Haiti,HTI,2017,3.824,382769,1725016,9.7,13.72,North America
Honduras,HND,2017,6.02,252917,1108992,2.1,5.53,North America
Jamaica,JAM,2017,5.89,88409,389695,2.3,11.63,North America
Mexico,MEX,2017,6.41,4414464,14427103,5.9,3.42,North America
Nicaragua,NIC,2017,6.476,193138,789363,4.4,3.3,North America
Panama,PAN,2017,6.568,118568,464656,3.2,3.9,North America
Trinidad and Tobago,TTO,2017,6.192,59098,199214,9.5,3.3,North America
Canada,CAN,2018,7.175,1266070,5009540,12,5.83,North America
Costa Rica,CRI,2018,7.141,162929,598401,7.2,9.63,North America
Dominican Republic,DOM,2018,5.433,401510,1551197,5.2,5.86,North America
El Salvador,SLV,2018,6.241,212815,790987,6,4.01,North America
Guatemala,GTM,2018,6.627,561899,2141936,6,2.41,North America
Haiti,HTI,2018,3.615,392704,1764423,9.7,13.58,North America
Honduras,HND,2018,5.908,260194,1134855,2,5.65,North America
Mexico,MEX,2018,6.55,4486785,14600008,5.4,3.28,North America
Nicaragua,NIC,2018,5.819,196804,800986,4.5,5.2,North America
Panama,PAN,2018,6.281,121332,473940,2.9,3.89,North America
Canada,CAN,2019,7.109,1281759,5039382,11.8,5.66,North America
Costa Rica,CRI,2019,6.998,165166,603549,8.1,11.49,North America
Dominican Republic,DOM,2019,6.004,410286,1572360,4.9,6.36,North America
El Salvador,SLV,2019,6.455,214219,794550,6.1,3.96,North America
Guatemala,GTM,2019,6.262,574688,2186540,5.9,2.36,North America
Honduras,HND,2019,5.93,267211,1160229,2.1,5.57,North America
Jamaica,JAM,2019,6.309,93124,394754,2.4,7.72,North America
Mexico,MEX,2019,6.432,4560220,14774237,5.3,3.48,North America
Nicaragua,NIC,2019,6.113,200158,811879,4.4,5.14,North America
Panama,PAN,2019,6.086,123699,481582,2.9,4.74,North America
Australia,AUS,2005,7.341,1055981,3623951,11.2,5.03,Oceania
New Zealand,NZL,2006,7.305,157759,720477,13.1,3.86,Oceania
Australia,AUS,2007,7.285,1079238,3715190,10.9,4.38,Oceania
New Zealand,NZL,2007,7.604,159323,726190,12.3,3.66,Oceania
Australia,AUS,2008,7.254,1086839,3759775,11.6,4.23,Oceania
New Zealand,NZL,2008,7.381,160462,730197,12.4,4.17,Oceania
Australia,AUS,2010,7.45,1103593,3851339,11.7,5.21,Oceania
New Zealand,NZL,2010,7.224,162077,736645,12.6,6.56,Oceania
Australia,AUS,2011,7.406,1113602,3898552,11.2,5.08,Oceania
New Zealand,NZL,2011,7.191,163154,740429,11.4,6.49,Oceania
Australia,AUS,2012,7.196,1123217,3946067,11.7,5.22,Oceania
New Zealand,NZL,2012,7.25,164417,743985,12.7,6.93,Oceania
Australia,AUS,2013,7.364,1132312,3993992,11.5,5.66,Oceania
New Zealand,NZL,2013,7.28,165722,747733,12.2,5.77,Oceania
Australia,AUS,2014,7.289,1141102,4042211,12.7,6.08,Oceania
New Zealand,NZL,2014,7.306,167023,751300,11.3,5.37,Oceania
Australia,AUS,2015,7.309,1149604,4093220,13.2,6.05,Oceania
New Zealand,NZL,2015,7.418,168086,754676,11.7,5.35,Oceania
Australia,AUS,2016,7.25,1136582,4151823,12.2,5.71,Oceania
New Zealand,NZL,2016,7.226,168778,757811,12.2,5.08,Oceania
Australia,AUS,2017,7.257,1126306,4213378,13.1,5.59,Oceania
New Zealand,NZL,2017,7.327,169400,760608,12.7,4.7,Oceania
Australia,AUS,2018,7.177,1140467,4270976,12.4,5.3,Oceania
New Zealand,NZL,2018,7.37,170086,764175,11.4,4.3,Oceania
Australia,AUS,2019,7.234,1160300,4332635,12.5,5.16,Oceania
New Zealand,NZL,2019,7.205,170727,768276,11,4.07,Oceania
Brazil,BRA,2005,6.637,8529118,33285033,4.7,9.57,South America
Venezuela,VEN,2005,7.17,760980,3296579,4.4,10.66,South America
Argentina,ARG,2006,6.313,1044267,5146115,8.6,10.08,South America
Bolivia,BOL,2006,5.374,281386,1317868,5.9,2.72,South America
Chile,CHL,2006,6.063,693542,2442288,10,9.02,South America
Colombia,COL,2006,6.025,1060531,5235711,4.1,11.53,South America
Ecuador,ECU,2006,5.024,425521,1872847,10,3.55,South America
Paraguay,PRY,2006,4.73,185671,825675,4.2,5.28,South America
Peru,PER,2006,4.811,586902,3624767,2.7,4.26,South America
Uruguay,URY,2006,5.786,97638,444142,15.5,10.84,South America
Venezuela,VEN,2006,6.525,780820,3362852,3.9,8.61,South America
Argentina,ARG,2007,6.073,1038445,5173846,8.3,8.47,South America
Bolivia,BOL,2007,5.628,287740,1345530,6.1,2.64,South America
Brazil,BRA,2007,6.321,8485854,33991971,4.9,8.33,South America
Chile,CHL,2007,5.698,685906,2452947,11,8.43,South America
Colombia,COL,2007,6.138,1047065,5149999,4.1,11.2,South America
Ecuador,ECU,2007,4.996,435282,1912926,10.2,3.14,South America
Guyana,GUY,2007,5.993,35492,116578,30.9,10.84,South America
Paraguay,PRY,2007,5.272,190487,842857,3.8,4.71,South America
Peru,PER,2007,5.214,589414,3668611,2.6,3.92,South America
Uruguay,URY,2007,5.694,98230,445712,17.4,9.4,South America
Argentina,ARG,2008,5.961,1028172,5197845,8.7,7.84,South America
Bolivia,BOL,2008,5.298,293862,1372170,6,2.6,South America
Brazil,BRA,2008,6.691,8315631,34170600,5.1,7.34,South America
Chile,CHL,2008,5.789,673915,2458865,12.2,9.29,South America
Colombia,COL,2008,6.168,1024889,5025782,4.2,11.27,South America
Ecuador,ECU,2008,5.297,445243,1953658,10.5,3.92,South America
Paraguay,PRY,2008,5.57,195322,859716,3.6,4.42,South America
Peru,PER,2008,5.129,591232,3711203,2.7,3.82,South America
Uruguay,URY,2008,5.664,98814,447063,15.1,8.03,South America
Venezuela,VEN,2008,6.258,820041,3491193,3.5,6.25,South America
Argentina,ARG,2009,6.424,1021998,5230092,8.4,8.65,South America
Bolivia,BOL,2009,6.086,300311,1398950,6,2.86,South America
Brazil,BRA,2009,7.001,8166023,34360037,5.1,8.52,South America
Chile,CHL,2009,6.494,664894,2466108,12.7,11.31,South America
Colombia,COL,2009,6.272,1004879,4919533,4.1,12.07,South America
Ecuador,ECU,2009,6.022,455476,1994374,10.5,4.61,South America
Paraguay,PRY,2009,5.576,200159,876505,4.4,5.46,South America
Peru,PER,2009,5.519,595058,3757206,3.3,3.73,South America
Uruguay,URY,2009,6.296,99478,448595,15,7.74,South America
Venezuela,VEN,2009,7.189,839582,3555054,3.2,6.1,South America
Argentina,ARG,2010,6.441,1028143,5282979,8.6,7.71,South America
Bolivia,BOL,2010,5.781,307149,1425715,6,2.55,South America
Brazil,BRA,2010,6.837,8135488,34668140,5,7.73,South America
Chile,CHL,2010,6.636,665358,2480903,11.6,8.42,South America
Colombia,COL,2010,6.408,998668,4893360,3.8,10.98,South America
Ecuador,ECU,2010,5.838,466050,2035535,9.9,4.09,South America
Paraguay,PRY,2010,5.841,205107,893500,3.5,4.57,South America
Peru,PER,2010,5.613,603793,3811179,3.5,3.3,South America
Uruguay,URY,2010,6.062,100193,450232,16,7.16,South America
Venezuela,VEN,2010,7.478,860293,3620085,3.4,7.11,South America
Argentina,ARG,2011,6.776,1042836,5347450,8.5,7.18,South America
Bolivia,BOL,2011,5.779,314721,1452771,6.1,2.22,South America
Brazil,BRA,2011,7.038,8200624,34887473,5.2,6.92,South America
Chile,CHL,2011,6.526,673852,2501338,11.7,7.34,South America
Colombia,COL,2011,6.464,1003564,4928036,3.7,10.11,South America
Ecuador,ECU,2011,5.795,476964,2078603,9.8,3.46,South America
Paraguay,PRY,2011,5.677,210803,911348,4.6,4.67,South America
Peru,PER,2011,5.892,618320,3879969,3.3,3.27,South America
Uruguay,URY,2011,6.554,101421,452355,16.8,6.31,South America
Venezuela,VEN,2011,6.58,881778,3686263,3.6,6.9,South America
Argentina,ARG,2012,6.468,1058037,5411743,9.1,7.22,South America
Bolivia,BOL,2012,6.019,321971,1480285,6,2.05,South America
Brazil,BRA,2012,6.66,8271537,34839296,5.4,7.19,South America
Chile,CHL,2012,6.599,682703,2520018,10.5,6.66,South America
Colombia,COL,2012,6.375,1009438,4961059,3.8,9.74,South America
Ecuador,ECU,2012,5.961,488409,2122089,10.1,3.24,South America
Paraguay,PRY,2012,5.82,217705,930780,4.6,4.09,South America
Peru,PER,2012,5.825,636852,3966578,3.2,2.94,South America
Suriname,SUR,2012,6.269,26567,83872,25.2,8.1,South America
Uruguay,URY,2012,6.45,103088,455010,17.8,6.45,South America
Venezuela,VEN,2012,7.067,903430,3749631,3.2,6.6,South America
Argentina,ARG,2013,6.582,1073939,5478889,8.6,7.1,South America
Bolivia,BOL,2013,5.767,329442,1508217,6,2.39,South America
Brazil,BRA,2013,7.14,8349571,34685370,5.6,6.98,South America
Chile,CHL,2013,6.74,691306,2538119,9.8,6.21,South America
Colombia,COL,2013,6.607,1015680,4990573,3.7,9.05,South America
Ecuador,ECU,2013,6.019,500017,2166222,9.6,3.08,South America
Paraguay,PRY,2013,5.936,225066,950542,4.9,4.39,South America
Peru,PER,2013,5.783,659691,4076283,3.1,3.21,South America
Uruguay,URY,2013,6.444,104880,457783,15.8,6.44,South America
Venezuela,VEN,2013,6.553,924982,3814970,2.5,7.54,South America
Argentina,ARG,2014,6.671,1089314,5545528,9.3,7.27,South America
Bolivia,BOL,2014,5.865,336895,1536014,6.2,2.01,South America
Brazil,BRA,2014,6.981,8432880,34602476,5.6,6.66,South America
Chile,CHL,2014,6.844,699703,2555575,9.9,6.67,South America
Colombia,COL,2014,6.449,1024579,5026094,3.8,8.57,South America
Ecuador,ECU,2014,5.946,511368,2209031,8.8,3.48,South America
Paraguay,PRY,2014,5.119,232068,970035,5.9,5.03,South America
Peru,PER,2014,5.866,681971,4179132,2.9,2.85,South America
Uruguay,URY,2014,6.561,106526,460427,17.4,6.55,South America
Venezuela,VEN,2014,6.136,946401,3879143,2.1,7.48,South America
Argentina,ARG,2015,6.697,1104941,5612817,8.3,7.61,South America
Bolivia,BOL,2015,5.834,344444,1563661,6.4,3.07,South America
Brazil,BRA,2015,6.547,8522725,34785927,5.9,8.43,South America
Chile,CHL,2015,6.533,708110,2577153,10,6.51,South America
Colombia,COL,2015,6.388,1037211,5070548,4.1,8.3,South America
Ecuador,ECU,2015,5.964,522770,2251547,8.8,3.62,South America
Paraguay,PRY,2015,5.56,237986,988399,5.7,4.56,South America
Peru,PER,2015,5.577,700158,4263329,2.7,2.92,South America
Uruguay,URY,2015,6.628,107495,462116,18.6,7.49,South America
Venezuela,VEN,2015,5.569,963124,3925195,2.3,7.44,South America
Argentina,ARG,2016,6.427,1118441,5680399,8.3,7.97,South America
Bolivia,BOL,2016,5.77,351996,1590534,6.6,3.5,South America
Brazil,BRA,2016,6.375,8603382,35205664,6,11.6,South America
Chile,CHL,2016,6.579,718086,2608636,10,6.74,South America
Colombia,COL,2016,6.234,1065829,5283819,4.2,8.69,South America
Ecuador,ECU,2016,6.115,535962,2300381,9,4.6,South America
Paraguay,PRY,2016,5.801,242633,1005083,5.3,5.26,South America
Peru,PER,2016,5.701,715455,4333742,2.6,3.38,South America
Uruguay,URY,2016,6.171,107745,462601,21.1,7.84,South America
Venezuela,VEN,2016,4.041,956984,3862271,2.2,7.39,South America
Argentina,ARG,2017,6.039,1130769,5744791,8.9,8.35,South America
Bolivia,BOL,2017,5.651,359672,1617985,6.4,3.66,South America
Brazil,BRA,2017,6.333,8698146,35626365,6.6,12.82,South America
Chile,CHL,2017,6.32,727911,2643142,9.3,6.96,South America
Colombia,COL,2017,6.157,1099471,5527347,4.7,8.87,South America
Ecuador,ECU,2017,5.84,550901,2356699,9.2,3.84,South America
Paraguay,PRY,2017,5.713,246977,1021294,6.1,4.62,South America
Peru,PER,2017,5.711,733359,4418818,2.7,3.35,South America
Uruguay,URY,2017,6.336,107865,463158,20.8,7.89,South America
Venezuela,VEN,2017,5.071,934206,3721531,2.2,7.3,South America
Argentina,ARG,2018,5.793,1142816,5807115,9.2,9.22,South America
Bolivia,BOL,2018,5.916,366451,1646176,6.3,3.52,South America
Brazil,BRA,2018,6.191,8814509,36024147,7,12.33,South America
Chile,CHL,2018,6.436,733331,2667663,8.8,7.23,South America
Colombia,COL,2018,5.984,1121956,5600004,4,9.11,South America
Ecuador,ECU,2018,6.128,564441,2406415,8.1,3.53,South America
Peru,PER,2018,5.68,749097,4485759,2.8,3.18,South America
Uruguay,URY,2018,6.372,108091,464155,21.2,8.34,South America
Venezuela,VEN,2018,5.006,933972,3689181,2.2,7.22,South America
Argentina,ARG,2019,6.086,1152193,5865630,8.4,9.84,South America
Bolivia,BOL,2019,5.674,372371,1675307,6.2,3.46,South America
Brazil,BRA,2019,6.451,8931545,36413436,6.9,11.93,South America
Chile,CHL,2019,5.942,734650,2684263,9,7.29,South America
Colombia,COL,2019,6.35,1141467,5635241,3.9,9.96,South America
Ecuador,ECU,2019,5.809,576078,2449132,7.6,3.81,South America
Paraguay,PRY,2019,5.653,254777,1052887,6,6.6,South America
Peru,PER,2019,5.999,762966,4535206,2.8,3.03,South America
Uruguay,URY,2019,6.6,108191,465322,21.2,9.35,South America
Venezuela,VEN,2019,5.081,951393,3739364,2.1,7.16,South America